key,eid_a,eid_b,mean_dist
mlapdv_on_surface_histo,e6331946-b66c-443e-88d9-4b9c848bdbed,6e41f77f-0c61-477e-81ed-0f3150938d27,32.407522364142174
mlapdv_on_surface_histo,e6331946-b66c-443e-88d9-4b9c848bdbed,092edbf8-b081-492a-baab-e2a2f22d7fa5,10.676246841539495
mlapdv_on_surface_histo,e6331946-b66c-443e-88d9-4b9c848bdbed,403f9193-c956-451a-a9bd-b49a9265078d,22.349659780329013
mlapdv_on_surface_histo,e6331946-b66c-443e-88d9-4b9c848bdbed,a52c46a2-93b9-4933-a595-a37b07472ffb,14.782632516806753
mlapdv_on_surface_histo,e6331946-b66c-443e-88d9-4b9c848bdbed,b6695d55-9025-4da4-8d7b-17a09a035ea6,34.096018792717985
mlapdv_on_surface_histo,e6331946-b66c-443e-88d9-4b9c848bdbed,6ee1cb8f-df61-431a-b6b3-11527926c028,22.619502245469867
mlapdv_on_surface_histo,e6331946-b66c-443e-88d9-4b9c848bdbed,0ecfc758-f8ae-4c82-ad8b-cf4c50faa6fb,12.928569715380881
mlapdv_on_surface_histo,e6331946-b66c-443e-88d9-4b9c848bdbed,1f44208f-d2e8-4c18-9312-e250c6b498ca,28.701381894489042
mlapdv_on_surface_histo,e6331946-b66c-443e-88d9-4b9c848bdbed,83554851-7e47-4a79-82bb-9f37037c5e97,12.949809497511804
mlapdv_on_surface_histo,e6331946-b66c-443e-88d9-4b9c848bdbed,e21b8705-4e69-407d-83b7-b8a2b4e6c27b,17.810645393156086
mlapdv_on_surface_histo,e6331946-b66c-443e-88d9-4b9c848bdbed,1bc8a5ff-fe9d-4921-a1db-b4c44f2cf7b9,29.37143511626964
mlapdv_on_surface_histo,e6331946-b66c-443e-88d9-4b9c848bdbed,38bc2e7c-d160-4887-86f6-4368bfd58c5f,19.830730541468707
mlapdv_on_surface_histo,e6331946-b66c-443e-88d9-4b9c848bdbed,20ebc2b9-5b4c-42cd-8e4b-65ddb427b7ff,26.467684043950754
mlapdv_on_surface_histo,e6331946-b66c-443e-88d9-4b9c848bdbed,74ffa405-3e23-47d9-972b-11bea1c3c2f6,30.778391985207737
mlapdv_on_surface_histo,e6331946-b66c-443e-88d9-4b9c848bdbed,1322edbf-5c42-4b9a-aecd-7ddaf4f44387,24.155932194305414
mlapdv_on_surface_histo,e6331946-b66c-443e-88d9-4b9c848bdbed,3c9290bd-f0a8-4b27-be6a-d987557edb95,28.08014849791
mlapdv_on_surface_histo,6e41f77f-0c61-477e-81ed-0f3150938d27,092edbf8-b081-492a-baab-e2a2f22d7fa5,39.10083642216359
mlapdv_on_surface_histo,6e41f77f-0c61-477e-81ed-0f3150938d27,403f9193-c956-451a-a9bd-b49a9265078d,46.44716490221779
mlapdv_on_surface_histo,6e41f77f-0c61-477e-81ed-0f3150938d27,a52c46a2-93b9-4933-a595-a37b07472ffb,25.530929997818593
mlapdv_on_surface_histo,6e41f77f-0c61-477e-81ed-0f3150938d27,b6695d55-9025-4da4-8d7b-17a09a035ea6,62.915642656154084
mlapdv_on_surface_histo,6e41f77f-0c61-477e-81ed-0f3150938d27,6ee1cb8f-df61-431a-b6b3-11527926c028,50.08849687894072
mlapdv_on_surface_histo,6e41f77f-0c61-477e-81ed-0f3150938d27,0ecfc758-f8ae-4c82-ad8b-cf4c50faa6fb,34.59258275160485
mlapdv_on_surface_histo,6e41f77f-0c61-477e-81ed-0f3150938d27,1f44208f-d2e8-4c18-9312-e250c6b498ca,55.7728724100144
mlapdv_on_surface_histo,6e41f77f-0c61-477e-81ed-0f3150938d27,83554851-7e47-4a79-82bb-9f37037c5e97,34.05164015301053
mlapdv_on_surface_histo,6e41f77f-0c61-477e-81ed-0f3150938d27,e21b8705-4e69-407d-83b7-b8a2b4e6c27b,30.186852378769974
mlapdv_on_surface_histo,6e41f77f-0c61-477e-81ed-0f3150938d27,1bc8a5ff-fe9d-4921-a1db-b4c44f2cf7b9,53.46731922807936
mlapdv_on_surface_histo,6e41f77f-0c61-477e-81ed-0f3150938d27,38bc2e7c-d160-4887-86f6-4368bfd58c5f,29.498958174969495
mlapdv_on_surface_histo,6e41f77f-0c61-477e-81ed-0f3150938d27,20ebc2b9-5b4c-42cd-8e4b-65ddb427b7ff,23.93335666712327
mlapdv_on_surface_histo,6e41f77f-0c61-477e-81ed-0f3150938d27,74ffa405-3e23-47d9-972b-11bea1c3c2f6,27.42722340857387
mlapdv_on_surface_histo,6e41f77f-0c61-477e-81ed-0f3150938d27,1322edbf-5c42-4b9a-aecd-7ddaf4f44387,30.182624657349933
mlapdv_on_surface_histo,6e41f77f-0c61-477e-81ed-0f3150938d27,3c9290bd-f0a8-4b27-be6a-d987557edb95,26.636624245398064
mlapdv_on_surface_histo,092edbf8-b081-492a-baab-e2a2f22d7fa5,403f9193-c956-451a-a9bd-b49a9265078d,20.213770533437554
mlapdv_on_surface_histo,092edbf8-b081-492a-baab-e2a2f22d7fa5,a52c46a2-93b9-4933-a595-a37b07472ffb,19.12770217727649
mlapdv_on_surface_histo,092edbf8-b081-492a-baab-e2a2f22d7fa5,b6695d55-9025-4da4-8d7b-17a09a035ea6,27.218738590789126
mlapdv_on_surface_histo,092edbf8-b081-492a-baab-e2a2f22d7fa5,6ee1cb8f-df61-431a-b6b3-11527926c028,18.301961841592608
mlapdv_on_surface_histo,092edbf8-b081-492a-baab-e2a2f22d7fa5,0ecfc758-f8ae-4c82-ad8b-cf4c50faa6fb,14.155418323753665
mlapdv_on_surface_histo,092edbf8-b081-492a-baab-e2a2f22d7fa5,1f44208f-d2e8-4c18-9312-e250c6b498ca,27.481439609288024
mlapdv_on_surface_histo,092edbf8-b081-492a-baab-e2a2f22d7fa5,83554851-7e47-4a79-82bb-9f37037c5e97,14.155091705510156
mlapdv_on_surface_histo,092edbf8-b081-492a-baab-e2a2f22d7fa5,e21b8705-4e69-407d-83b7-b8a2b4e6c27b,21.08311133450679
mlapdv_on_surface_histo,092edbf8-b081-492a-baab-e2a2f22d7fa5,1bc8a5ff-fe9d-4921-a1db-b4c44f2cf7b9,24.512116040927143
mlapdv_on_surface_histo,092edbf8-b081-492a-baab-e2a2f22d7fa5,38bc2e7c-d160-4887-86f6-4368bfd58c5f,21.313975593271245
mlapdv_on_surface_histo,092edbf8-b081-492a-baab-e2a2f22d7fa5,20ebc2b9-5b4c-42cd-8e4b-65ddb427b7ff,31.367769406617732
mlapdv_on_surface_histo,092edbf8-b081-492a-baab-e2a2f22d7fa5,74ffa405-3e23-47d9-972b-11bea1c3c2f6,34.090655720298315
mlapdv_on_surface_histo,092edbf8-b081-492a-baab-e2a2f22d7fa5,1322edbf-5c42-4b9a-aecd-7ddaf4f44387,31.82172330812393
mlapdv_on_surface_histo,092edbf8-b081-492a-baab-e2a2f22d7fa5,3c9290bd-f0a8-4b27-be6a-d987557edb95,32.95550971950138
mlapdv_on_surface_histo,403f9193-c956-451a-a9bd-b49a9265078d,a52c46a2-93b9-4933-a595-a37b07472ffb,23.217183084765264
mlapdv_on_surface_histo,403f9193-c956-451a-a9bd-b49a9265078d,b6695d55-9025-4da4-8d7b-17a09a035ea6,28.921358367349093
mlapdv_on_surface_histo,403f9193-c956-451a-a9bd-b49a9265078d,6ee1cb8f-df61-431a-b6b3-11527926c028,11.880031479388405
mlapdv_on_surface_histo,403f9193-c956-451a-a9bd-b49a9265078d,0ecfc758-f8ae-4c82-ad8b-cf4c50faa6fb,22.722685841155315
mlapdv_on_surface_histo,403f9193-c956-451a-a9bd-b49a9265078d,1f44208f-d2e8-4c18-9312-e250c6b498ca,28.056512090448955
mlapdv_on_surface_histo,403f9193-c956-451a-a9bd-b49a9265078d,83554851-7e47-4a79-82bb-9f37037c5e97,22.70981304246503
mlapdv_on_surface_histo,403f9193-c956-451a-a9bd-b49a9265078d,e21b8705-4e69-407d-83b7-b8a2b4e6c27b,28.0833084500106
mlapdv_on_surface_histo,403f9193-c956-451a-a9bd-b49a9265078d,1bc8a5ff-fe9d-4921-a1db-b4c44f2cf7b9,32.13289125722056
mlapdv_on_surface_histo,403f9193-c956-451a-a9bd-b49a9265078d,38bc2e7c-d160-4887-86f6-4368bfd58c5f,30.846266259437915
mlapdv_on_surface_histo,403f9193-c956-451a-a9bd-b49a9265078d,20ebc2b9-5b4c-42cd-8e4b-65ddb427b7ff,33.81889932740467
mlapdv_on_surface_histo,403f9193-c956-451a-a9bd-b49a9265078d,74ffa405-3e23-47d9-972b-11bea1c3c2f6,39.68305710261896
mlapdv_on_surface_histo,403f9193-c956-451a-a9bd-b49a9265078d,1322edbf-5c42-4b9a-aecd-7ddaf4f44387,30.724863632026594
mlapdv_on_surface_histo,403f9193-c956-451a-a9bd-b49a9265078d,3c9290bd-f0a8-4b27-be6a-d987557edb95,38.00360288406587
mlapdv_on_surface_histo,a52c46a2-93b9-4933-a595-a37b07472ffb,b6695d55-9025-4da4-8d7b-17a09a035ea6,42.83725371606445
mlapdv_on_surface_histo,a52c46a2-93b9-4933-a595-a37b07472ffb,6ee1cb8f-df61-431a-b6b3-11527926c028,28.138553785812846
mlapdv_on_surface_histo,a52c46a2-93b9-4933-a595-a37b07472ffb,0ecfc758-f8ae-4c82-ad8b-cf4c50faa6fb,15.824601651703057
mlapdv_on_surface_histo,a52c46a2-93b9-4933-a595-a37b07472ffb,1f44208f-d2e8-4c18-9312-e250c6b498ca,37.40119957645086
mlapdv_on_surface_histo,a52c46a2-93b9-4933-a595-a37b07472ffb,83554851-7e47-4a79-82bb-9f37037c5e97,15.1176336892379
mlapdv_on_surface_histo,a52c46a2-93b9-4933-a595-a37b07472ffb,e21b8705-4e69-407d-83b7-b8a2b4e6c27b,12.864159062259757
mlapdv_on_surface_histo,a52c46a2-93b9-4933-a595-a37b07472ffb,1bc8a5ff-fe9d-4921-a1db-b4c44f2cf7b9,35.11139075696566
mlapdv_on_surface_histo,a52c46a2-93b9-4933-a595-a37b07472ffb,38bc2e7c-d160-4887-86f6-4368bfd58c5f,15.784617195193546
mlapdv_on_surface_histo,a52c46a2-93b9-4933-a595-a37b07472ffb,20ebc2b9-5b4c-42cd-8e4b-65ddb427b7ff,15.728810790345742
mlapdv_on_surface_histo,a52c46a2-93b9-4933-a595-a37b07472ffb,74ffa405-3e23-47d9-972b-11bea1c3c2f6,21.821798588681
mlapdv_on_surface_histo,a52c46a2-93b9-4933-a595-a37b07472ffb,1322edbf-5c42-4b9a-aecd-7ddaf4f44387,19.995738093318593
mlapdv_on_surface_histo,a52c46a2-93b9-4933-a595-a37b07472ffb,3c9290bd-f0a8-4b27-be6a-d987557edb95,20.300293783091224
mlapdv_on_surface_histo,b6695d55-9025-4da4-8d7b-17a09a035ea6,6ee1cb8f-df61-431a-b6b3-11527926c028,27.145601707890403
mlapdv_on_surface_histo,b6695d55-9025-4da4-8d7b-17a09a035ea6,0ecfc758-f8ae-4c82-ad8b-cf4c50faa6fb,32.005343858043204
mlapdv_on_surface_histo,b6695d55-9025-4da4-8d7b-17a09a035ea6,1f44208f-d2e8-4c18-9312-e250c6b498ca,19.68174390399984
mlapdv_on_surface_histo,b6695d55-9025-4da4-8d7b-17a09a035ea6,83554851-7e47-4a79-82bb-9f37037c5e97,35.06262072849252
mlapdv_on_surface_histo,b6695d55-9025-4da4-8d7b-17a09a035ea6,e21b8705-4e69-407d-83b7-b8a2b4e6c27b,45.178812601506266
mlapdv_on_surface_histo,b6695d55-9025-4da4-8d7b-17a09a035ea6,1bc8a5ff-fe9d-4921-a1db-b4c44f2cf7b9,21.43975856027523
mlapdv_on_surface_histo,b6695d55-9025-4da4-8d7b-17a09a035ea6,38bc2e7c-d160-4887-86f6-4368bfd58c5f,44.9750041142414
mlapdv_on_surface_histo,b6695d55-9025-4da4-8d7b-17a09a035ea6,20ebc2b9-5b4c-42cd-8e4b-65ddb427b7ff,55.61766447122355
mlapdv_on_surface_histo,b6695d55-9025-4da4-8d7b-17a09a035ea6,74ffa405-3e23-47d9-972b-11bea1c3c2f6,58.076062099569356
mlapdv_on_surface_histo,b6695d55-9025-4da4-8d7b-17a09a035ea6,1322edbf-5c42-4b9a-aecd-7ddaf4f44387,52.57850789999627
mlapdv_on_surface_histo,b6695d55-9025-4da4-8d7b-17a09a035ea6,3c9290bd-f0a8-4b27-be6a-d987557edb95,57.081007676283654
mlapdv_on_surface_histo,6ee1cb8f-df61-431a-b6b3-11527926c028,0ecfc758-f8ae-4c82-ad8b-cf4c50faa6fb,25.42237574289818
mlapdv_on_surface_histo,6ee1cb8f-df61-431a-b6b3-11527926c028,1f44208f-d2e8-4c18-9312-e250c6b498ca,27.612145050429753
mlapdv_on_surface_histo,6ee1cb8f-df61-431a-b6b3-11527926c028,83554851-7e47-4a79-82bb-9f37037c5e97,19.301796852650696
mlapdv_on_surface_histo,6ee1cb8f-df61-431a-b6b3-11527926c028,e21b8705-4e69-407d-83b7-b8a2b4e6c27b,24.452805720247614
mlapdv_on_surface_histo,6ee1cb8f-df61-431a-b6b3-11527926c028,1bc8a5ff-fe9d-4921-a1db-b4c44f2cf7b9,26.291000214286935
mlapdv_on_surface_histo,6ee1cb8f-df61-431a-b6b3-11527926c028,38bc2e7c-d160-4887-86f6-4368bfd58c5f,25.533902089671503
mlapdv_on_surface_histo,6ee1cb8f-df61-431a-b6b3-11527926c028,20ebc2b9-5b4c-42cd-8e4b-65ddb427b7ff,35.43937947596579
mlapdv_on_surface_histo,6ee1cb8f-df61-431a-b6b3-11527926c028,74ffa405-3e23-47d9-972b-11bea1c3c2f6,36.963672151854055
mlapdv_on_surface_histo,6ee1cb8f-df61-431a-b6b3-11527926c028,1322edbf-5c42-4b9a-aecd-7ddaf4f44387,35.8976092453389
mlapdv_on_surface_histo,6ee1cb8f-df61-431a-b6b3-11527926c028,3c9290bd-f0a8-4b27-be6a-d987557edb95,35.23529466756687
mlapdv_on_surface_histo,0ecfc758-f8ae-4c82-ad8b-cf4c50faa6fb,1f44208f-d2e8-4c18-9312-e250c6b498ca,24.90593907119832
mlapdv_on_surface_histo,0ecfc758-f8ae-4c82-ad8b-cf4c50faa6fb,83554851-7e47-4a79-82bb-9f37037c5e97,13.169502741133842
mlapdv_on_surface_histo,0ecfc758-f8ae-4c82-ad8b-cf4c50faa6fb,e21b8705-4e69-407d-83b7-b8a2b4e6c27b,19.680494573918477
mlapdv_on_surface_histo,0ecfc758-f8ae-4c82-ad8b-cf4c50faa6fb,1bc8a5ff-fe9d-4921-a1db-b4c44f2cf7b9,28.771640935986007
mlapdv_on_surface_histo,0ecfc758-f8ae-4c82-ad8b-cf4c50faa6fb,38bc2e7c-d160-4887-86f6-4368bfd58c5f,22.278678908274607
mlapdv_on_surface_histo,0ecfc758-f8ae-4c82-ad8b-cf4c50faa6fb,20ebc2b9-5b4c-42cd-8e4b-65ddb427b7ff,28.163291820423012
mlapdv_on_surface_histo,0ecfc758-f8ae-4c82-ad8b-cf4c50faa6fb,74ffa405-3e23-47d9-972b-11bea1c3c2f6,33.58491040641348
mlapdv_on_surface_histo,0ecfc758-f8ae-4c82-ad8b-cf4c50faa6fb,1322edbf-5c42-4b9a-aecd-7ddaf4f44387,25.537674139282046
mlapdv_on_surface_histo,0ecfc758-f8ae-4c82-ad8b-cf4c50faa6fb,3c9290bd-f0a8-4b27-be6a-d987557edb95,31.29572283164218
mlapdv_on_surface_histo,1f44208f-d2e8-4c18-9312-e250c6b498ca,83554851-7e47-4a79-82bb-9f37037c5e97,28.33910597517647
mlapdv_on_surface_histo,1f44208f-d2e8-4c18-9312-e250c6b498ca,e21b8705-4e69-407d-83b7-b8a2b4e6c27b,38.9132432881567
mlapdv_on_surface_histo,1f44208f-d2e8-4c18-9312-e250c6b498ca,1bc8a5ff-fe9d-4921-a1db-b4c44f2cf7b9,26.835709684109787
mlapdv_on_surface_histo,1f44208f-d2e8-4c18-9312-e250c6b498ca,38bc2e7c-d160-4887-86f6-4368bfd58c5f,39.7972617549842
mlapdv_on_surface_histo,1f44208f-d2e8-4c18-9312-e250c6b498ca,20ebc2b9-5b4c-42cd-8e4b-65ddb427b7ff,48.97434889030263
mlapdv_on_surface_histo,1f44208f-d2e8-4c18-9312-e250c6b498ca,74ffa405-3e23-47d9-972b-11bea1c3c2f6,52.98336535098322
mlapdv_on_surface_histo,1f44208f-d2e8-4c18-9312-e250c6b498ca,1322edbf-5c42-4b9a-aecd-7ddaf4f44387,41.5218120271302
mlapdv_on_surface_histo,1f44208f-d2e8-4c18-9312-e250c6b498ca,3c9290bd-f0a8-4b27-be6a-d987557edb95,50.683233581512226
mlapdv_on_surface_histo,83554851-7e47-4a79-82bb-9f37037c5e97,e21b8705-4e69-407d-83b7-b8a2b4e6c27b,12.977365247083203
mlapdv_on_surface_histo,83554851-7e47-4a79-82bb-9f37037c5e97,1bc8a5ff-fe9d-4921-a1db-b4c44f2cf7b9,26.034244074323937
mlapdv_on_surface_histo,83554851-7e47-4a79-82bb-9f37037c5e97,38bc2e7c-d160-4887-86f6-4368bfd58c5f,14.117925348137836
mlapdv_on_surface_histo,83554851-7e47-4a79-82bb-9f37037c5e97,20ebc2b9-5b4c-42cd-8e4b-65ddb427b7ff,23.853970299945328
mlapdv_on_surface_histo,83554851-7e47-4a79-82bb-9f37037c5e97,74ffa405-3e23-47d9-972b-11bea1c3c2f6,26.954924849460063
mlapdv_on_surface_histo,83554851-7e47-4a79-82bb-9f37037c5e97,1322edbf-5c42-4b9a-aecd-7ddaf4f44387,24.790947653655383
mlapdv_on_surface_histo,83554851-7e47-4a79-82bb-9f37037c5e97,3c9290bd-f0a8-4b27-be6a-d987557edb95,24.90038522440416
mlapdv_on_surface_histo,e21b8705-4e69-407d-83b7-b8a2b4e6c27b,1bc8a5ff-fe9d-4921-a1db-b4c44f2cf7b9,33.92790068924283
mlapdv_on_surface_histo,e21b8705-4e69-407d-83b7-b8a2b4e6c27b,38bc2e7c-d160-4887-86f6-4368bfd58c5f,7.228794441039082
mlapdv_on_surface_histo,e21b8705-4e69-407d-83b7-b8a2b4e6c27b,20ebc2b9-5b4c-42cd-8e4b-65ddb427b7ff,13.84074536049903
mlapdv_on_surface_histo,e21b8705-4e69-407d-83b7-b8a2b4e6c27b,74ffa405-3e23-47d9-972b-11bea1c3c2f6,16.174228258782325
mlapdv_on_surface_histo,e21b8705-4e69-407d-83b7-b8a2b4e6c27b,1322edbf-5c42-4b9a-aecd-7ddaf4f44387,22.14148629017184
mlapdv_on_surface_histo,e21b8705-4e69-407d-83b7-b8a2b4e6c27b,3c9290bd-f0a8-4b27-be6a-d987557edb95,13.997414198319712
mlapdv_on_surface_histo,1bc8a5ff-fe9d-4921-a1db-b4c44f2cf7b9,38bc2e7c-d160-4887-86f6-4368bfd58c5f,32.338220614298095
mlapdv_on_surface_histo,1bc8a5ff-fe9d-4921-a1db-b4c44f2cf7b9,20ebc2b9-5b4c-42cd-8e4b-65ddb427b7ff,44.54500422418762
mlapdv_on_surface_histo,1bc8a5ff-fe9d-4921-a1db-b4c44f2cf7b9,74ffa405-3e23-47d9-972b-11bea1c3c2f6,44.55699643683238
mlapdv_on_surface_histo,1bc8a5ff-fe9d-4921-a1db-b4c44f2cf7b9,1322edbf-5c42-4b9a-aecd-7ddaf4f44387,47.276484236359465
mlapdv_on_surface_histo,1bc8a5ff-fe9d-4921-a1db-b4c44f2cf7b9,3c9290bd-f0a8-4b27-be6a-d987557edb95,44.16323111486881
mlapdv_on_surface_histo,38bc2e7c-d160-4887-86f6-4368bfd58c5f,20ebc2b9-5b4c-42cd-8e4b-65ddb427b7ff,15.774428716023236
mlapdv_on_surface_histo,38bc2e7c-d160-4887-86f6-4368bfd58c5f,74ffa405-3e23-47d9-972b-11bea1c3c2f6,15.346308133905001
mlapdv_on_surface_histo,38bc2e7c-d160-4887-86f6-4368bfd58c5f,1322edbf-5c42-4b9a-aecd-7ddaf4f44387,25.465787060415806
mlapdv_on_surface_histo,38bc2e7c-d160-4887-86f6-4368bfd58c5f,3c9290bd-f0a8-4b27-be6a-d987557edb95,14.746201732840222
mlapdv_on_surface_histo,20ebc2b9-5b4c-42cd-8e4b-65ddb427b7ff,74ffa405-3e23-47d9-972b-11bea1c3c2f6,11.657583207034373
mlapdv_on_surface_histo,20ebc2b9-5b4c-42cd-8e4b-65ddb427b7ff,1322edbf-5c42-4b9a-aecd-7ddaf4f44387,21.220501759319838
mlapdv_on_surface_histo,20ebc2b9-5b4c-42cd-8e4b-65ddb427b7ff,3c9290bd-f0a8-4b27-be6a-d987557edb95,9.115161858287623
mlapdv_on_surface_histo,74ffa405-3e23-47d9-972b-11bea1c3c2f6,1322edbf-5c42-4b9a-aecd-7ddaf4f44387,29.460278511459588
mlapdv_on_surface_histo,74ffa405-3e23-47d9-972b-11bea1c3c2f6,3c9290bd-f0a8-4b27-be6a-d987557edb95,6.1943524876190175
mlapdv_on_surface_histo,1322edbf-5c42-4b9a-aecd-7ddaf4f44387,3c9290bd-f0a8-4b27-be6a-d987557edb95,26.13176144272682
mlapdv_histo,e6331946-b66c-443e-88d9-4b9c848bdbed,6e41f77f-0c61-477e-81ed-0f3150938d27,48.61603262642255
mlapdv_histo,e6331946-b66c-443e-88d9-4b9c848bdbed,092edbf8-b081-492a-baab-e2a2f22d7fa5,28.371144133152107
mlapdv_histo,e6331946-b66c-443e-88d9-4b9c848bdbed,403f9193-c956-451a-a9bd-b49a9265078d,55.924344525183656
mlapdv_histo,e6331946-b66c-443e-88d9-4b9c848bdbed,a52c46a2-93b9-4933-a595-a37b07472ffb,17.832313986227216
mlapdv_histo,e6331946-b66c-443e-88d9-4b9c848bdbed,b6695d55-9025-4da4-8d7b-17a09a035ea6,34.6631497166374
mlapdv_histo,e6331946-b66c-443e-88d9-4b9c848bdbed,6ee1cb8f-df61-431a-b6b3-11527926c028,41.54761722023157
mlapdv_histo,e6331946-b66c-443e-88d9-4b9c848bdbed,0ecfc758-f8ae-4c82-ad8b-cf4c50faa6fb,22.316985998510287
mlapdv_histo,e6331946-b66c-443e-88d9-4b9c848bdbed,1f44208f-d2e8-4c18-9312-e250c6b498ca,29.783306978994784
mlapdv_histo,e6331946-b66c-443e-88d9-4b9c848bdbed,83554851-7e47-4a79-82bb-9f37037c5e97,16.429830256613144
mlapdv_histo,e6331946-b66c-443e-88d9-4b9c848bdbed,e21b8705-4e69-407d-83b7-b8a2b4e6c27b,20.359692117673397
mlapdv_histo,e6331946-b66c-443e-88d9-4b9c848bdbed,1bc8a5ff-fe9d-4921-a1db-b4c44f2cf7b9,28.48759468108306
mlapdv_histo,e6331946-b66c-443e-88d9-4b9c848bdbed,38bc2e7c-d160-4887-86f6-4368bfd58c5f,19.456202801342783
mlapdv_histo,e6331946-b66c-443e-88d9-4b9c848bdbed,20ebc2b9-5b4c-42cd-8e4b-65ddb427b7ff,25.86268266804772
mlapdv_histo,e6331946-b66c-443e-88d9-4b9c848bdbed,74ffa405-3e23-47d9-972b-11bea1c3c2f6,29.986480721465693
mlapdv_histo,e6331946-b66c-443e-88d9-4b9c848bdbed,1322edbf-5c42-4b9a-aecd-7ddaf4f44387,23.609204998237466
mlapdv_histo,e6331946-b66c-443e-88d9-4b9c848bdbed,3c9290bd-f0a8-4b27-be6a-d987557edb95,29.107902069980984
mlapdv_histo,6e41f77f-0c61-477e-81ed-0f3150938d27,092edbf8-b081-492a-baab-e2a2f22d7fa5,72.1096517271565
mlapdv_histo,6e41f77f-0c61-477e-81ed-0f3150938d27,403f9193-c956-451a-a9bd-b49a9265078d,98.29661656094864
mlapdv_histo,6e41f77f-0c61-477e-81ed-0f3150938d27,a52c46a2-93b9-4933-a595-a37b07472ffb,50.77843798357199
mlapdv_histo,6e41f77f-0c61-477e-81ed-0f3150938d27,b6695d55-9025-4da4-8d7b-17a09a035ea6,75.62616958859105
mlapdv_histo,6e41f77f-0c61-477e-81ed-0f3150938d27,6ee1cb8f-df61-431a-b6b3-11527926c028,85.34603789317983
mlapdv_histo,6e41f77f-0c61-477e-81ed-0f3150938d27,0ecfc758-f8ae-4c82-ad8b-cf4c50faa6fb,39.08867936787172
mlapdv_histo,6e41f77f-0c61-477e-81ed-0f3150938d27,1f44208f-d2e8-4c18-9312-e250c6b498ca,70.0281429023127
mlapdv_histo,6e41f77f-0c61-477e-81ed-0f3150938d27,83554851-7e47-4a79-82bb-9f37037c5e97,55.4308516766359
mlapdv_histo,6e41f77f-0c61-477e-81ed-0f3150938d27,e21b8705-4e69-407d-83b7-b8a2b4e6c27b,52.7854107652478
mlapdv_histo,6e41f77f-0c61-477e-81ed-0f3150938d27,1bc8a5ff-fe9d-4921-a1db-b4c44f2cf7b9,62.93894374468861
mlapdv_histo,6e41f77f-0c61-477e-81ed-0f3150938d27,38bc2e7c-d160-4887-86f6-4368bfd58c5f,45.83755234948452
mlapdv_histo,6e41f77f-0c61-477e-81ed-0f3150938d27,20ebc2b9-5b4c-42cd-8e4b-65ddb427b7ff,42.33939962980465
mlapdv_histo,6e41f77f-0c61-477e-81ed-0f3150938d27,74ffa405-3e23-47d9-972b-11bea1c3c2f6,44.217227832529055
mlapdv_histo,6e41f77f-0c61-477e-81ed-0f3150938d27,1322edbf-5c42-4b9a-aecd-7ddaf4f44387,45.98076049503969
mlapdv_histo,6e41f77f-0c61-477e-81ed-0f3150938d27,3c9290bd-f0a8-4b27-be6a-d987557edb95,50.65226300970962
mlapdv_histo,092edbf8-b081-492a-baab-e2a2f22d7fa5,403f9193-c956-451a-a9bd-b49a9265078d,33.11124956483035
mlapdv_histo,092edbf8-b081-492a-baab-e2a2f22d7fa5,a52c46a2-93b9-4933-a595-a37b07472ffb,26.320212347855826
mlapdv_histo,092edbf8-b081-492a-baab-e2a2f22d7fa5,b6695d55-9025-4da4-8d7b-17a09a035ea6,32.73608894336222
mlapdv_histo,092edbf8-b081-492a-baab-e2a2f22d7fa5,6ee1cb8f-df61-431a-b6b3-11527926c028,20.84087897939029
mlapdv_histo,092edbf8-b081-492a-baab-e2a2f22d7fa5,0ecfc758-f8ae-4c82-ad8b-cf4c50faa6fb,45.08821857805843
mlapdv_histo,092edbf8-b081-492a-baab-e2a2f22d7fa5,1f44208f-d2e8-4c18-9312-e250c6b498ca,32.64754131241575
mlapdv_histo,092edbf8-b081-492a-baab-e2a2f22d7fa5,83554851-7e47-4a79-82bb-9f37037c5e97,23.513945797961004
mlapdv_histo,092edbf8-b081-492a-baab-e2a2f22d7fa5,e21b8705-4e69-407d-83b7-b8a2b4e6c27b,28.11892858496618
mlapdv_histo,092edbf8-b081-492a-baab-e2a2f22d7fa5,1bc8a5ff-fe9d-4921-a1db-b4c44f2cf7b9,35.743747597828346
mlapdv_histo,092edbf8-b081-492a-baab-e2a2f22d7fa5,38bc2e7c-d160-4887-86f6-4368bfd58c5f,34.48662199056382
mlapdv_histo,092edbf8-b081-492a-baab-e2a2f22d7fa5,20ebc2b9-5b4c-42cd-8e4b-65ddb427b7ff,40.526240319757136
mlapdv_histo,092edbf8-b081-492a-baab-e2a2f22d7fa5,74ffa405-3e23-47d9-972b-11bea1c3c2f6,42.50704777687977
mlapdv_histo,092edbf8-b081-492a-baab-e2a2f22d7fa5,1322edbf-5c42-4b9a-aecd-7ddaf4f44387,40.79331399025569
mlapdv_histo,092edbf8-b081-492a-baab-e2a2f22d7fa5,3c9290bd-f0a8-4b27-be6a-d987557edb95,36.92705770362413
mlapdv_histo,403f9193-c956-451a-a9bd-b49a9265078d,a52c46a2-93b9-4933-a595-a37b07472ffb,49.62236626277427
mlapdv_histo,403f9193-c956-451a-a9bd-b49a9265078d,b6695d55-9025-4da4-8d7b-17a09a035ea6,52.581165086137126
mlapdv_histo,403f9193-c956-451a-a9bd-b49a9265078d,6ee1cb8f-df61-431a-b6b3-11527926c028,21.8482268976906
mlapdv_histo,403f9193-c956-451a-a9bd-b49a9265078d,0ecfc758-f8ae-4c82-ad8b-cf4c50faa6fb,71.5922684884556
mlapdv_histo,403f9193-c956-451a-a9bd-b49a9265078d,1f44208f-d2e8-4c18-9312-e250c6b498ca,51.71411315146701
mlapdv_histo,403f9193-c956-451a-a9bd-b49a9265078d,83554851-7e47-4a79-82bb-9f37037c5e97,48.81759672643115
mlapdv_histo,403f9193-c956-451a-a9bd-b49a9265078d,e21b8705-4e69-407d-83b7-b8a2b4e6c27b,51.236760272103076
mlapdv_histo,403f9193-c956-451a-a9bd-b49a9265078d,1bc8a5ff-fe9d-4921-a1db-b4c44f2cf7b9,60.25501243115109
mlapdv_histo,403f9193-c956-451a-a9bd-b49a9265078d,38bc2e7c-d160-4887-86f6-4368bfd58c5f,59.8065903880318
mlapdv_histo,403f9193-c956-451a-a9bd-b49a9265078d,20ebc2b9-5b4c-42cd-8e4b-65ddb427b7ff,61.839253782251966
mlapdv_histo,403f9193-c956-451a-a9bd-b49a9265078d,74ffa405-3e23-47d9-972b-11bea1c3c2f6,64.62648779618482
mlapdv_histo,403f9193-c956-451a-a9bd-b49a9265078d,1322edbf-5c42-4b9a-aecd-7ddaf4f44387,60.332019895444
mlapdv_histo,403f9193-c956-451a-a9bd-b49a9265078d,3c9290bd-f0a8-4b27-be6a-d987557edb95,57.098357307558516
mlapdv_histo,a52c46a2-93b9-4933-a595-a37b07472ffb,b6695d55-9025-4da4-8d7b-17a09a035ea6,41.78808405782152
mlapdv_histo,a52c46a2-93b9-4933-a595-a37b07472ffb,6ee1cb8f-df61-431a-b6b3-11527926c028,38.44941478814213
mlapdv_histo,a52c46a2-93b9-4933-a595-a37b07472ffb,0ecfc758-f8ae-4c82-ad8b-cf4c50faa6fb,30.834054837979302
mlapdv_histo,a52c46a2-93b9-4933-a595-a37b07472ffb,1f44208f-d2e8-4c18-9312-e250c6b498ca,36.42764157315458
mlapdv_histo,a52c46a2-93b9-4933-a595-a37b07472ffb,83554851-7e47-4a79-82bb-9f37037c5e97,14.84938231827734
mlapdv_histo,a52c46a2-93b9-4933-a595-a37b07472ffb,e21b8705-4e69-407d-83b7-b8a2b4e6c27b,12.652549790113847
mlapdv_histo,a52c46a2-93b9-4933-a595-a37b07472ffb,1bc8a5ff-fe9d-4921-a1db-b4c44f2cf7b9,35.448988388525116
mlapdv_histo,a52c46a2-93b9-4933-a595-a37b07472ffb,38bc2e7c-d160-4887-86f6-4368bfd58c5f,18.650637595173936
mlapdv_histo,a52c46a2-93b9-4933-a595-a37b07472ffb,20ebc2b9-5b4c-42cd-8e4b-65ddb427b7ff,18.54971962188965
mlapdv_histo,a52c46a2-93b9-4933-a595-a37b07472ffb,74ffa405-3e23-47d9-972b-11bea1c3c2f6,23.654590758514484
mlapdv_histo,a52c46a2-93b9-4933-a595-a37b07472ffb,1322edbf-5c42-4b9a-aecd-7ddaf4f44387,21.96063942335099
mlapdv_histo,a52c46a2-93b9-4933-a595-a37b07472ffb,3c9290bd-f0a8-4b27-be6a-d987557edb95,19.863614399166057
mlapdv_histo,b6695d55-9025-4da4-8d7b-17a09a035ea6,6ee1cb8f-df61-431a-b6b3-11527926c028,38.445158188712725
mlapdv_histo,b6695d55-9025-4da4-8d7b-17a09a035ea6,0ecfc758-f8ae-4c82-ad8b-cf4c50faa6fb,40.95623490602529
mlapdv_histo,b6695d55-9025-4da4-8d7b-17a09a035ea6,1f44208f-d2e8-4c18-9312-e250c6b498ca,19.308723645032366
mlapdv_histo,b6695d55-9025-4da4-8d7b-17a09a035ea6,83554851-7e47-4a79-82bb-9f37037c5e97,34.28150645085689
mlapdv_histo,b6695d55-9025-4da4-8d7b-17a09a035ea6,e21b8705-4e69-407d-83b7-b8a2b4e6c27b,44.070987803225876
mlapdv_histo,b6695d55-9025-4da4-8d7b-17a09a035ea6,1bc8a5ff-fe9d-4921-a1db-b4c44f2cf7b9,23.280460159725234
mlapdv_histo,b6695d55-9025-4da4-8d7b-17a09a035ea6,38bc2e7c-d160-4887-86f6-4368bfd58c5f,44.76586486263049
mlapdv_histo,b6695d55-9025-4da4-8d7b-17a09a035ea6,20ebc2b9-5b4c-42cd-8e4b-65ddb427b7ff,54.83626072532354
mlapdv_histo,b6695d55-9025-4da4-8d7b-17a09a035ea6,74ffa405-3e23-47d9-972b-11bea1c3c2f6,57.212821748855944
mlapdv_histo,b6695d55-9025-4da4-8d7b-17a09a035ea6,1322edbf-5c42-4b9a-aecd-7ddaf4f44387,51.6796186868696
mlapdv_histo,b6695d55-9025-4da4-8d7b-17a09a035ea6,3c9290bd-f0a8-4b27-be6a-d987557edb95,55.54055805868859
mlapdv_histo,6ee1cb8f-df61-431a-b6b3-11527926c028,0ecfc758-f8ae-4c82-ad8b-cf4c50faa6fb,57.19351137548511
mlapdv_histo,6ee1cb8f-df61-431a-b6b3-11527926c028,1f44208f-d2e8-4c18-9312-e250c6b498ca,38.17344943251847
mlapdv_histo,6ee1cb8f-df61-431a-b6b3-11527926c028,83554851-7e47-4a79-82bb-9f37037c5e97,33.43248900376601
mlapdv_histo,6ee1cb8f-df61-431a-b6b3-11527926c028,e21b8705-4e69-407d-83b7-b8a2b4e6c27b,36.507172031897866
mlapdv_histo,6ee1cb8f-df61-431a-b6b3-11527926c028,1bc8a5ff-fe9d-4921-a1db-b4c44f2cf7b9,43.42243406580927
mlapdv_histo,6ee1cb8f-df61-431a-b6b3-11527926c028,38bc2e7c-d160-4887-86f6-4368bfd58c5f,44.02924528331621
mlapdv_histo,6ee1cb8f-df61-431a-b6b3-11527926c028,20ebc2b9-5b4c-42cd-8e4b-65ddb427b7ff,49.52817357171098
mlapdv_histo,6ee1cb8f-df61-431a-b6b3-11527926c028,74ffa405-3e23-47d9-972b-11bea1c3c2f6,50.72966079745287
mlapdv_histo,6ee1cb8f-df61-431a-b6b3-11527926c028,1322edbf-5c42-4b9a-aecd-7ddaf4f44387,49.47188479643174
mlapdv_histo,6ee1cb8f-df61-431a-b6b3-11527926c028,3c9290bd-f0a8-4b27-be6a-d987557edb95,44.02214948784765
mlapdv_histo,0ecfc758-f8ae-4c82-ad8b-cf4c50faa6fb,1f44208f-d2e8-4c18-9312-e250c6b498ca,36.291479960623214
mlapdv_histo,0ecfc758-f8ae-4c82-ad8b-cf4c50faa6fb,83554851-7e47-4a79-82bb-9f37037c5e97,29.47415026734732
mlapdv_histo,0ecfc758-f8ae-4c82-ad8b-cf4c50faa6fb,e21b8705-4e69-407d-83b7-b8a2b4e6c27b,33.2609446667729
mlapdv_histo,0ecfc758-f8ae-4c82-ad8b-cf4c50faa6fb,1bc8a5ff-fe9d-4921-a1db-b4c44f2cf7b9,33.22483081249809
mlapdv_histo,0ecfc758-f8ae-4c82-ad8b-cf4c50faa6fb,38bc2e7c-d160-4887-86f6-4368bfd58c5f,28.598301187421896
mlapdv_histo,0ecfc758-f8ae-4c82-ad8b-cf4c50faa6fb,20ebc2b9-5b4c-42cd-8e4b-65ddb427b7ff,32.96212567851157
mlapdv_histo,0ecfc758-f8ae-4c82-ad8b-cf4c50faa6fb,74ffa405-3e23-47d9-972b-11bea1c3c2f6,37.35505252066422
mlapdv_histo,0ecfc758-f8ae-4c82-ad8b-cf4c50faa6fb,1322edbf-5c42-4b9a-aecd-7ddaf4f44387,30.853924996638412
mlapdv_histo,0ecfc758-f8ae-4c82-ad8b-cf4c50faa6fb,3c9290bd-f0a8-4b27-be6a-d987557edb95,40.518093599079734
mlapdv_histo,1f44208f-d2e8-4c18-9312-e250c6b498ca,83554851-7e47-4a79-82bb-9f37037c5e97,27.66107241677808
mlapdv_histo,1f44208f-d2e8-4c18-9312-e250c6b498ca,e21b8705-4e69-407d-83b7-b8a2b4e6c27b,37.87222762019711
mlapdv_histo,1f44208f-d2e8-4c18-9312-e250c6b498ca,1bc8a5ff-fe9d-4921-a1db-b4c44f2cf7b9,27.72865279208939
mlapdv_histo,1f44208f-d2e8-4c18-9312-e250c6b498ca,38bc2e7c-d160-4887-86f6-4368bfd58c5f,39.71556106417015
mlapdv_histo,1f44208f-d2e8-4c18-9312-e250c6b498ca,20ebc2b9-5b4c-42cd-8e4b-65ddb427b7ff,48.42614268652726
mlapdv_histo,1f44208f-d2e8-4c18-9312-e250c6b498ca,74ffa405-3e23-47d9-972b-11bea1c3c2f6,52.178654046955046
mlapdv_histo,1f44208f-d2e8-4c18-9312-e250c6b498ca,1322edbf-5c42-4b9a-aecd-7ddaf4f44387,41.39285253123795
mlapdv_histo,1f44208f-d2e8-4c18-9312-e250c6b498ca,3c9290bd-f0a8-4b27-be6a-d987557edb95,49.259611078082685
mlapdv_histo,83554851-7e47-4a79-82bb-9f37037c5e97,e21b8705-4e69-407d-83b7-b8a2b4e6c27b,12.780364047127899
mlapdv_histo,83554851-7e47-4a79-82bb-9f37037c5e97,1bc8a5ff-fe9d-4921-a1db-b4c44f2cf7b9,27.139811122701023
mlapdv_histo,83554851-7e47-4a79-82bb-9f37037c5e97,38bc2e7c-d160-4887-86f6-4368bfd58c5f,17.162040032450186
mlapdv_histo,83554851-7e47-4a79-82bb-9f37037c5e97,20ebc2b9-5b4c-42cd-8e4b-65ddb427b7ff,25.21620271533948
mlapdv_histo,83554851-7e47-4a79-82bb-9f37037c5e97,74ffa405-3e23-47d9-972b-11bea1c3c2f6,27.889150132774052
mlapdv_histo,83554851-7e47-4a79-82bb-9f37037c5e97,1322edbf-5c42-4b9a-aecd-7ddaf4f44387,25.876459529529455
mlapdv_histo,83554851-7e47-4a79-82bb-9f37037c5e97,3c9290bd-f0a8-4b27-be6a-d987557edb95,24.359482578341506
mlapdv_histo,e21b8705-4e69-407d-83b7-b8a2b4e6c27b,1bc8a5ff-fe9d-4921-a1db-b4c44f2cf7b9,34.26317963658533
mlapdv_histo,e21b8705-4e69-407d-83b7-b8a2b4e6c27b,38bc2e7c-d160-4887-86f6-4368bfd58c5f,12.1298861610635
mlapdv_histo,e21b8705-4e69-407d-83b7-b8a2b4e6c27b,20ebc2b9-5b4c-42cd-8e4b-65ddb427b7ff,16.967793299031243
mlapdv_histo,e21b8705-4e69-407d-83b7-b8a2b4e6c27b,74ffa405-3e23-47d9-972b-11bea1c3c2f6,18.750424391079946
mlapdv_histo,e21b8705-4e69-407d-83b7-b8a2b4e6c27b,1322edbf-5c42-4b9a-aecd-7ddaf4f44387,23.567208946143126
mlapdv_histo,e21b8705-4e69-407d-83b7-b8a2b4e6c27b,3c9290bd-f0a8-4b27-be6a-d987557edb95,13.765943329795485
mlapdv_histo,1bc8a5ff-fe9d-4921-a1db-b4c44f2cf7b9,38bc2e7c-d160-4887-86f6-4368bfd58c5f,31.56305222135287
mlapdv_histo,1bc8a5ff-fe9d-4921-a1db-b4c44f2cf7b9,20ebc2b9-5b4c-42cd-8e4b-65ddb427b7ff,43.22622037558592
mlapdv_histo,1bc8a5ff-fe9d-4921-a1db-b4c44f2cf7b9,74ffa405-3e23-47d9-972b-11bea1c3c2f6,43.375032444254394
mlapdv_histo,1bc8a5ff-fe9d-4921-a1db-b4c44f2cf7b9,1322edbf-5c42-4b9a-aecd-7ddaf4f44387,45.495893098342016
mlapdv_histo,1bc8a5ff-fe9d-4921-a1db-b4c44f2cf7b9,3c9290bd-f0a8-4b27-be6a-d987557edb95,43.7954347690432
mlapdv_histo,38bc2e7c-d160-4887-86f6-4368bfd58c5f,20ebc2b9-5b4c-42cd-8e4b-65ddb427b7ff,15.465897539137956
mlapdv_histo,38bc2e7c-d160-4887-86f6-4368bfd58c5f,74ffa405-3e23-47d9-972b-11bea1c3c2f6,15.032740460285378
mlapdv_histo,38bc2e7c-d160-4887-86f6-4368bfd58c5f,1322edbf-5c42-4b9a-aecd-7ddaf4f44387,24.655473080819824
mlapdv_histo,38bc2e7c-d160-4887-86f6-4368bfd58c5f,3c9290bd-f0a8-4b27-be6a-d987557edb95,17.634178519270023
mlapdv_histo,20ebc2b9-5b4c-42cd-8e4b-65ddb427b7ff,74ffa405-3e23-47d9-972b-11bea1c3c2f6,11.511990428635123
mlapdv_histo,20ebc2b9-5b4c-42cd-8e4b-65ddb427b7ff,1322edbf-5c42-4b9a-aecd-7ddaf4f44387,20.731787812148173
mlapdv_histo,20ebc2b9-5b4c-42cd-8e4b-65ddb427b7ff,3c9290bd-f0a8-4b27-be6a-d987557edb95,13.410585360179565
mlapdv_histo,74ffa405-3e23-47d9-972b-11bea1c3c2f6,1322edbf-5c42-4b9a-aecd-7ddaf4f44387,28.492779085074663
mlapdv_histo,74ffa405-3e23-47d9-972b-11bea1c3c2f6,3c9290bd-f0a8-4b27-be6a-d987557edb95,11.392844669423134
mlapdv_histo,1322edbf-5c42-4b9a-aecd-7ddaf4f44387,3c9290bd-f0a8-4b27-be6a-d987557edb95,26.996973800602174
mlapdv_on_surface_histo_s2s_corr,e6331946-b66c-443e-88d9-4b9c848bdbed,6e41f77f-0c61-477e-81ed-0f3150938d27,23.9233970375328
mlapdv_on_surface_histo_s2s_corr,e6331946-b66c-443e-88d9-4b9c848bdbed,092edbf8-b081-492a-baab-e2a2f22d7fa5,13.189389941837348
mlapdv_on_surface_histo_s2s_corr,e6331946-b66c-443e-88d9-4b9c848bdbed,403f9193-c956-451a-a9bd-b49a9265078d,25.63295067945431
mlapdv_on_surface_histo_s2s_corr,e6331946-b66c-443e-88d9-4b9c848bdbed,a52c46a2-93b9-4933-a595-a37b07472ffb,15.43036231750672
mlapdv_on_surface_histo_s2s_corr,e6331946-b66c-443e-88d9-4b9c848bdbed,b6695d55-9025-4da4-8d7b-17a09a035ea6,29.301156452749474
mlapdv_on_surface_histo_s2s_corr,e6331946-b66c-443e-88d9-4b9c848bdbed,6ee1cb8f-df61-431a-b6b3-11527926c028,28.605739953590888
mlapdv_on_surface_histo_s2s_corr,e6331946-b66c-443e-88d9-4b9c848bdbed,0ecfc758-f8ae-4c82-ad8b-cf4c50faa6fb,24.79240930373893
mlapdv_on_surface_histo_s2s_corr,e6331946-b66c-443e-88d9-4b9c848bdbed,1f44208f-d2e8-4c18-9312-e250c6b498ca,43.3915832871225
mlapdv_on_surface_histo_s2s_corr,e6331946-b66c-443e-88d9-4b9c848bdbed,83554851-7e47-4a79-82bb-9f37037c5e97,17.970628586554927
mlapdv_on_surface_histo_s2s_corr,e6331946-b66c-443e-88d9-4b9c848bdbed,e21b8705-4e69-407d-83b7-b8a2b4e6c27b,28.167335354490806
mlapdv_on_surface_histo_s2s_corr,e6331946-b66c-443e-88d9-4b9c848bdbed,1bc8a5ff-fe9d-4921-a1db-b4c44f2cf7b9,34.5417773108854
mlapdv_on_surface_histo_s2s_corr,e6331946-b66c-443e-88d9-4b9c848bdbed,38bc2e7c-d160-4887-86f6-4368bfd58c5f,31.485968521336417
mlapdv_on_surface_histo_s2s_corr,e6331946-b66c-443e-88d9-4b9c848bdbed,20ebc2b9-5b4c-42cd-8e4b-65ddb427b7ff,24.946343561516567
mlapdv_on_surface_histo_s2s_corr,e6331946-b66c-443e-88d9-4b9c848bdbed,74ffa405-3e23-47d9-972b-11bea1c3c2f6,38.87486865822551
mlapdv_on_surface_histo_s2s_corr,e6331946-b66c-443e-88d9-4b9c848bdbed,1322edbf-5c42-4b9a-aecd-7ddaf4f44387,32.31960211709221
mlapdv_on_surface_histo_s2s_corr,e6331946-b66c-443e-88d9-4b9c848bdbed,3c9290bd-f0a8-4b27-be6a-d987557edb95,34.25524288616251
mlapdv_on_surface_histo_s2s_corr,6e41f77f-0c61-477e-81ed-0f3150938d27,092edbf8-b081-492a-baab-e2a2f22d7fa5,21.938620494451342
mlapdv_on_surface_histo_s2s_corr,6e41f77f-0c61-477e-81ed-0f3150938d27,403f9193-c956-451a-a9bd-b49a9265078d,38.11437984794357
mlapdv_on_surface_histo_s2s_corr,6e41f77f-0c61-477e-81ed-0f3150938d27,a52c46a2-93b9-4933-a595-a37b07472ffb,20.861482127383965
mlapdv_on_surface_histo_s2s_corr,6e41f77f-0c61-477e-81ed-0f3150938d27,b6695d55-9025-4da4-8d7b-17a09a035ea6,35.06398782941027
mlapdv_on_surface_histo_s2s_corr,6e41f77f-0c61-477e-81ed-0f3150938d27,6ee1cb8f-df61-431a-b6b3-11527926c028,36.135785761897665
mlapdv_on_surface_histo_s2s_corr,6e41f77f-0c61-477e-81ed-0f3150938d27,0ecfc758-f8ae-4c82-ad8b-cf4c50faa6fb,28.23403531404799
mlapdv_on_surface_histo_s2s_corr,6e41f77f-0c61-477e-81ed-0f3150938d27,1f44208f-d2e8-4c18-9312-e250c6b498ca,44.409480936675784
mlapdv_on_surface_histo_s2s_corr,6e41f77f-0c61-477e-81ed-0f3150938d27,83554851-7e47-4a79-82bb-9f37037c5e97,22.456518944318105
mlapdv_on_surface_histo_s2s_corr,6e41f77f-0c61-477e-81ed-0f3150938d27,e21b8705-4e69-407d-83b7-b8a2b4e6c27b,28.865695111616258
mlapdv_on_surface_histo_s2s_corr,6e41f77f-0c61-477e-81ed-0f3150938d27,1bc8a5ff-fe9d-4921-a1db-b4c44f2cf7b9,30.629188806398766
mlapdv_on_surface_histo_s2s_corr,6e41f77f-0c61-477e-81ed-0f3150938d27,38bc2e7c-d160-4887-86f6-4368bfd58c5f,28.96818927705094
mlapdv_on_surface_histo_s2s_corr,6e41f77f-0c61-477e-81ed-0f3150938d27,20ebc2b9-5b4c-42cd-8e4b-65ddb427b7ff,25.37844469383528
mlapdv_on_surface_histo_s2s_corr,6e41f77f-0c61-477e-81ed-0f3150938d27,74ffa405-3e23-47d9-972b-11bea1c3c2f6,36.76540103510332
mlapdv_on_surface_histo_s2s_corr,6e41f77f-0c61-477e-81ed-0f3150938d27,1322edbf-5c42-4b9a-aecd-7ddaf4f44387,37.16366129942436
mlapdv_on_surface_histo_s2s_corr,6e41f77f-0c61-477e-81ed-0f3150938d27,3c9290bd-f0a8-4b27-be6a-d987557edb95,33.01204102611433
mlapdv_on_surface_histo_s2s_corr,092edbf8-b081-492a-baab-e2a2f22d7fa5,403f9193-c956-451a-a9bd-b49a9265078d,23.209799111527804
mlapdv_on_surface_histo_s2s_corr,092edbf8-b081-492a-baab-e2a2f22d7fa5,a52c46a2-93b9-4933-a595-a37b07472ffb,9.353307320985893
mlapdv_on_surface_histo_s2s_corr,092edbf8-b081-492a-baab-e2a2f22d7fa5,b6695d55-9025-4da4-8d7b-17a09a035ea6,29.11223282286922
mlapdv_on_surface_histo_s2s_corr,092edbf8-b081-492a-baab-e2a2f22d7fa5,6ee1cb8f-df61-431a-b6b3-11527926c028,20.82169417666711
mlapdv_on_surface_histo_s2s_corr,092edbf8-b081-492a-baab-e2a2f22d7fa5,0ecfc758-f8ae-4c82-ad8b-cf4c50faa6fb,24.863463438644644
mlapdv_on_surface_histo_s2s_corr,092edbf8-b081-492a-baab-e2a2f22d7fa5,1f44208f-d2e8-4c18-9312-e250c6b498ca,43.709734147922504
mlapdv_on_surface_histo_s2s_corr,092edbf8-b081-492a-baab-e2a2f22d7fa5,83554851-7e47-4a79-82bb-9f37037c5e97,13.901271176314905
mlapdv_on_surface_histo_s2s_corr,092edbf8-b081-492a-baab-e2a2f22d7fa5,e21b8705-4e69-407d-83b7-b8a2b4e6c27b,20.24481620067654
mlapdv_on_surface_histo_s2s_corr,092edbf8-b081-492a-baab-e2a2f22d7fa5,1bc8a5ff-fe9d-4921-a1db-b4c44f2cf7b9,27.42480062552469
mlapdv_on_surface_histo_s2s_corr,092edbf8-b081-492a-baab-e2a2f22d7fa5,38bc2e7c-d160-4887-86f6-4368bfd58c5f,24.358444039643206
mlapdv_on_surface_histo_s2s_corr,092edbf8-b081-492a-baab-e2a2f22d7fa5,20ebc2b9-5b4c-42cd-8e4b-65ddb427b7ff,17.270407041256234
mlapdv_on_surface_histo_s2s_corr,092edbf8-b081-492a-baab-e2a2f22d7fa5,74ffa405-3e23-47d9-972b-11bea1c3c2f6,32.111726248460144
mlapdv_on_surface_histo_s2s_corr,092edbf8-b081-492a-baab-e2a2f22d7fa5,1322edbf-5c42-4b9a-aecd-7ddaf4f44387,32.2391499081527
mlapdv_on_surface_histo_s2s_corr,092edbf8-b081-492a-baab-e2a2f22d7fa5,3c9290bd-f0a8-4b27-be6a-d987557edb95,27.55923550974119
mlapdv_on_surface_histo_s2s_corr,403f9193-c956-451a-a9bd-b49a9265078d,a52c46a2-93b9-4933-a595-a37b07472ffb,20.37850488276792
mlapdv_on_surface_histo_s2s_corr,403f9193-c956-451a-a9bd-b49a9265078d,b6695d55-9025-4da4-8d7b-17a09a035ea6,22.66517779944134
mlapdv_on_surface_histo_s2s_corr,403f9193-c956-451a-a9bd-b49a9265078d,6ee1cb8f-df61-431a-b6b3-11527926c028,21.039842820923717
mlapdv_on_surface_histo_s2s_corr,403f9193-c956-451a-a9bd-b49a9265078d,0ecfc758-f8ae-4c82-ad8b-cf4c50faa6fb,23.277760756890874
mlapdv_on_surface_histo_s2s_corr,403f9193-c956-451a-a9bd-b49a9265078d,1f44208f-d2e8-4c18-9312-e250c6b498ca,36.02515022950335
mlapdv_on_surface_histo_s2s_corr,403f9193-c956-451a-a9bd-b49a9265078d,83554851-7e47-4a79-82bb-9f37037c5e97,24.250252819328974
mlapdv_on_surface_histo_s2s_corr,403f9193-c956-451a-a9bd-b49a9265078d,e21b8705-4e69-407d-83b7-b8a2b4e6c27b,30.945710758477745
mlapdv_on_surface_histo_s2s_corr,403f9193-c956-451a-a9bd-b49a9265078d,1bc8a5ff-fe9d-4921-a1db-b4c44f2cf7b9,39.209819301115424
mlapdv_on_surface_histo_s2s_corr,403f9193-c956-451a-a9bd-b49a9265078d,38bc2e7c-d160-4887-86f6-4368bfd58c5f,36.75476777433963
mlapdv_on_surface_histo_s2s_corr,403f9193-c956-451a-a9bd-b49a9265078d,20ebc2b9-5b4c-42cd-8e4b-65ddb427b7ff,29.316522389066133
mlapdv_on_surface_histo_s2s_corr,403f9193-c956-451a-a9bd-b49a9265078d,74ffa405-3e23-47d9-972b-11bea1c3c2f6,45.19536598740325
mlapdv_on_surface_histo_s2s_corr,403f9193-c956-451a-a9bd-b49a9265078d,1322edbf-5c42-4b9a-aecd-7ddaf4f44387,23.846224443339707
mlapdv_on_surface_histo_s2s_corr,403f9193-c956-451a-a9bd-b49a9265078d,3c9290bd-f0a8-4b27-be6a-d987557edb95,41.14620800262825
mlapdv_on_surface_histo_s2s_corr,a52c46a2-93b9-4933-a595-a37b07472ffb,b6695d55-9025-4da4-8d7b-17a09a035ea6,24.288022436874325
mlapdv_on_surface_histo_s2s_corr,a52c46a2-93b9-4933-a595-a37b07472ffb,6ee1cb8f-df61-431a-b6b3-11527926c028,22.193802067252665
mlapdv_on_surface_histo_s2s_corr,a52c46a2-93b9-4933-a595-a37b07472ffb,0ecfc758-f8ae-4c82-ad8b-cf4c50faa6fb,20.929897875858483
mlapdv_on_surface_histo_s2s_corr,a52c46a2-93b9-4933-a595-a37b07472ffb,1f44208f-d2e8-4c18-9312-e250c6b498ca,39.57416408292727
mlapdv_on_surface_histo_s2s_corr,a52c46a2-93b9-4933-a595-a37b07472ffb,83554851-7e47-4a79-82bb-9f37037c5e97,13.380777053230876
mlapdv_on_surface_histo_s2s_corr,a52c46a2-93b9-4933-a595-a37b07472ffb,e21b8705-4e69-407d-83b7-b8a2b4e6c27b,20.13300316976666
mlapdv_on_surface_histo_s2s_corr,a52c46a2-93b9-4933-a595-a37b07472ffb,1bc8a5ff-fe9d-4921-a1db-b4c44f2cf7b9,27.489664635924505
mlapdv_on_surface_histo_s2s_corr,a52c46a2-93b9-4933-a595-a37b07472ffb,38bc2e7c-d160-4887-86f6-4368bfd58c5f,24.530121043237774
mlapdv_on_surface_histo_s2s_corr,a52c46a2-93b9-4933-a595-a37b07472ffb,20ebc2b9-5b4c-42cd-8e4b-65ddb427b7ff,17.44191823181614
mlapdv_on_surface_histo_s2s_corr,a52c46a2-93b9-4933-a595-a37b07472ffb,74ffa405-3e23-47d9-972b-11bea1c3c2f6,33.960073333734634
mlapdv_on_surface_histo_s2s_corr,a52c46a2-93b9-4933-a595-a37b07472ffb,1322edbf-5c42-4b9a-aecd-7ddaf4f44387,27.52743785110364
mlapdv_on_surface_histo_s2s_corr,a52c46a2-93b9-4933-a595-a37b07472ffb,3c9290bd-f0a8-4b27-be6a-d987557edb95,29.208415466092024
mlapdv_on_surface_histo_s2s_corr,b6695d55-9025-4da4-8d7b-17a09a035ea6,6ee1cb8f-df61-431a-b6b3-11527926c028,33.660396588885945
mlapdv_on_surface_histo_s2s_corr,b6695d55-9025-4da4-8d7b-17a09a035ea6,0ecfc758-f8ae-4c82-ad8b-cf4c50faa6fb,11.593831640157502
mlapdv_on_surface_histo_s2s_corr,b6695d55-9025-4da4-8d7b-17a09a035ea6,1f44208f-d2e8-4c18-9312-e250c6b498ca,20.668425189889625
mlapdv_on_surface_histo_s2s_corr,b6695d55-9025-4da4-8d7b-17a09a035ea6,83554851-7e47-4a79-82bb-9f37037c5e97,26.293274645383793
mlapdv_on_surface_histo_s2s_corr,b6695d55-9025-4da4-8d7b-17a09a035ea6,e21b8705-4e69-407d-83b7-b8a2b4e6c27b,36.265353362022765
mlapdv_on_surface_histo_s2s_corr,b6695d55-9025-4da4-8d7b-17a09a035ea6,1bc8a5ff-fe9d-4921-a1db-b4c44f2cf7b9,43.224809945247316
mlapdv_on_surface_histo_s2s_corr,b6695d55-9025-4da4-8d7b-17a09a035ea6,38bc2e7c-d160-4887-86f6-4368bfd58c5f,41.51320255455887
mlapdv_on_surface_histo_s2s_corr,b6695d55-9025-4da4-8d7b-17a09a035ea6,20ebc2b9-5b4c-42cd-8e4b-65ddb427b7ff,35.100895015487154
mlapdv_on_surface_histo_s2s_corr,b6695d55-9025-4da4-8d7b-17a09a035ea6,74ffa405-3e23-47d9-972b-11bea1c3c2f6,52.65985345693883
mlapdv_on_surface_histo_s2s_corr,b6695d55-9025-4da4-8d7b-17a09a035ea6,1322edbf-5c42-4b9a-aecd-7ddaf4f44387,8.267470765891302
mlapdv_on_surface_histo_s2s_corr,b6695d55-9025-4da4-8d7b-17a09a035ea6,3c9290bd-f0a8-4b27-be6a-d987557edb95,48.13308354733394
mlapdv_on_surface_histo_s2s_corr,6ee1cb8f-df61-431a-b6b3-11527926c028,0ecfc758-f8ae-4c82-ad8b-cf4c50faa6fb,32.78953805872803
mlapdv_on_surface_histo_s2s_corr,6ee1cb8f-df61-431a-b6b3-11527926c028,1f44208f-d2e8-4c18-9312-e250c6b498ca,48.13902031224617
mlapdv_on_surface_histo_s2s_corr,6ee1cb8f-df61-431a-b6b3-11527926c028,83554851-7e47-4a79-82bb-9f37037c5e97,20.070939423187504
mlapdv_on_surface_histo_s2s_corr,6ee1cb8f-df61-431a-b6b3-11527926c028,e21b8705-4e69-407d-83b7-b8a2b4e6c27b,17.064059085476277
mlapdv_on_surface_histo_s2s_corr,6ee1cb8f-df61-431a-b6b3-11527926c028,1bc8a5ff-fe9d-4921-a1db-b4c44f2cf7b9,25.07440153761581
mlapdv_on_surface_histo_s2s_corr,6ee1cb8f-df61-431a-b6b3-11527926c028,38bc2e7c-d160-4887-86f6-4368bfd58c5f,22.727320284205046
mlapdv_on_surface_histo_s2s_corr,6ee1cb8f-df61-431a-b6b3-11527926c028,20ebc2b9-5b4c-42cd-8e4b-65ddb427b7ff,17.658246647971687
mlapdv_on_surface_histo_s2s_corr,6ee1cb8f-df61-431a-b6b3-11527926c028,74ffa405-3e23-47d9-972b-11bea1c3c2f6,29.150088853255017
mlapdv_on_surface_histo_s2s_corr,6ee1cb8f-df61-431a-b6b3-11527926c028,1322edbf-5c42-4b9a-aecd-7ddaf4f44387,36.369466088837854
mlapdv_on_surface_histo_s2s_corr,6ee1cb8f-df61-431a-b6b3-11527926c028,3c9290bd-f0a8-4b27-be6a-d987557edb95,24.926521914251353
mlapdv_on_surface_histo_s2s_corr,0ecfc758-f8ae-4c82-ad8b-cf4c50faa6fb,1f44208f-d2e8-4c18-9312-e250c6b498ca,24.43899470130463
mlapdv_on_surface_histo_s2s_corr,0ecfc758-f8ae-4c82-ad8b-cf4c50faa6fb,83554851-7e47-4a79-82bb-9f37037c5e97,22.992035652357362
mlapdv_on_surface_histo_s2s_corr,0ecfc758-f8ae-4c82-ad8b-cf4c50faa6fb,e21b8705-4e69-407d-83b7-b8a2b4e6c27b,33.85602941105146
mlapdv_on_surface_histo_s2s_corr,0ecfc758-f8ae-4c82-ad8b-cf4c50faa6fb,1bc8a5ff-fe9d-4921-a1db-b4c44f2cf7b9,40.53807016471946
mlapdv_on_surface_histo_s2s_corr,0ecfc758-f8ae-4c82-ad8b-cf4c50faa6fb,38bc2e7c-d160-4887-86f6-4368bfd58c5f,38.69893591969935
mlapdv_on_surface_histo_s2s_corr,0ecfc758-f8ae-4c82-ad8b-cf4c50faa6fb,20ebc2b9-5b4c-42cd-8e4b-65ddb427b7ff,32.24750853725604
mlapdv_on_surface_histo_s2s_corr,0ecfc758-f8ae-4c82-ad8b-cf4c50faa6fb,74ffa405-3e23-47d9-972b-11bea1c3c2f6,49.71009896379324
mlapdv_on_surface_histo_s2s_corr,0ecfc758-f8ae-4c82-ad8b-cf4c50faa6fb,1322edbf-5c42-4b9a-aecd-7ddaf4f44387,13.092929900033962
mlapdv_on_surface_histo_s2s_corr,0ecfc758-f8ae-4c82-ad8b-cf4c50faa6fb,3c9290bd-f0a8-4b27-be6a-d987557edb95,45.02239401058786
mlapdv_on_surface_histo_s2s_corr,1f44208f-d2e8-4c18-9312-e250c6b498ca,83554851-7e47-4a79-82bb-9f37037c5e97,40.45805129095273
mlapdv_on_surface_histo_s2s_corr,1f44208f-d2e8-4c18-9312-e250c6b498ca,e21b8705-4e69-407d-83b7-b8a2b4e6c27b,49.78651293788144
mlapdv_on_surface_histo_s2s_corr,1f44208f-d2e8-4c18-9312-e250c6b498ca,1bc8a5ff-fe9d-4921-a1db-b4c44f2cf7b9,55.707886260451104
mlapdv_on_surface_histo_s2s_corr,1f44208f-d2e8-4c18-9312-e250c6b498ca,38bc2e7c-d160-4887-86f6-4368bfd58c5f,54.59440583041349
mlapdv_on_surface_histo_s2s_corr,1f44208f-d2e8-4c18-9312-e250c6b498ca,20ebc2b9-5b4c-42cd-8e4b-65ddb427b7ff,49.19707287531069
mlapdv_on_surface_histo_s2s_corr,1f44208f-d2e8-4c18-9312-e250c6b498ca,74ffa405-3e23-47d9-972b-11bea1c3c2f6,66.54209569185487
mlapdv_on_surface_histo_s2s_corr,1f44208f-d2e8-4c18-9312-e250c6b498ca,1322edbf-5c42-4b9a-aecd-7ddaf4f44387,16.729641932059867
mlapdv_on_surface_histo_s2s_corr,1f44208f-d2e8-4c18-9312-e250c6b498ca,3c9290bd-f0a8-4b27-be6a-d987557edb95,62.13773492405747
mlapdv_on_surface_histo_s2s_corr,83554851-7e47-4a79-82bb-9f37037c5e97,e21b8705-4e69-407d-83b7-b8a2b4e6c27b,17.042952602403368
mlapdv_on_surface_histo_s2s_corr,83554851-7e47-4a79-82bb-9f37037c5e97,1bc8a5ff-fe9d-4921-a1db-b4c44f2cf7b9,22.581116549039407
mlapdv_on_surface_histo_s2s_corr,83554851-7e47-4a79-82bb-9f37037c5e97,38bc2e7c-d160-4887-86f6-4368bfd58c5f,20.49683415979577
mlapdv_on_surface_histo_s2s_corr,83554851-7e47-4a79-82bb-9f37037c5e97,20ebc2b9-5b4c-42cd-8e4b-65ddb427b7ff,14.067422514461812
mlapdv_on_surface_histo_s2s_corr,83554851-7e47-4a79-82bb-9f37037c5e97,74ffa405-3e23-47d9-972b-11bea1c3c2f6,30.97066873929645
mlapdv_on_surface_histo_s2s_corr,83554851-7e47-4a79-82bb-9f37037c5e97,1322edbf-5c42-4b9a-aecd-7ddaf4f44387,29.910598055382348
mlapdv_on_surface_histo_s2s_corr,83554851-7e47-4a79-82bb-9f37037c5e97,3c9290bd-f0a8-4b27-be6a-d987557edb95,26.389863729872737
mlapdv_on_surface_histo_s2s_corr,e21b8705-4e69-407d-83b7-b8a2b4e6c27b,1bc8a5ff-fe9d-4921-a1db-b4c44f2cf7b9,10.936994847178031
mlapdv_on_surface_histo_s2s_corr,e21b8705-4e69-407d-83b7-b8a2b4e6c27b,38bc2e7c-d160-4887-86f6-4368bfd58c5f,8.499304984060588
mlapdv_on_surface_histo_s2s_corr,e21b8705-4e69-407d-83b7-b8a2b4e6c27b,20ebc2b9-5b4c-42cd-8e4b-65ddb427b7ff,7.513908668952754
mlapdv_on_surface_histo_s2s_corr,e21b8705-4e69-407d-83b7-b8a2b4e6c27b,74ffa405-3e23-47d9-972b-11bea1c3c2f6,20.25331502147222
mlapdv_on_surface_histo_s2s_corr,e21b8705-4e69-407d-83b7-b8a2b4e6c27b,1322edbf-5c42-4b9a-aecd-7ddaf4f44387,39.33526163158616
mlapdv_on_surface_histo_s2s_corr,e21b8705-4e69-407d-83b7-b8a2b4e6c27b,3c9290bd-f0a8-4b27-be6a-d987557edb95,15.93219031286971
mlapdv_on_surface_histo_s2s_corr,1bc8a5ff-fe9d-4921-a1db-b4c44f2cf7b9,38bc2e7c-d160-4887-86f6-4368bfd58c5f,5.904067895477624
mlapdv_on_surface_histo_s2s_corr,1bc8a5ff-fe9d-4921-a1db-b4c44f2cf7b9,20ebc2b9-5b4c-42cd-8e4b-65ddb427b7ff,13.231460429009733
mlapdv_on_surface_histo_s2s_corr,1bc8a5ff-fe9d-4921-a1db-b4c44f2cf7b9,74ffa405-3e23-47d9-972b-11bea1c3c2f6,14.875503526678877
mlapdv_on_surface_histo_s2s_corr,1bc8a5ff-fe9d-4921-a1db-b4c44f2cf7b9,1322edbf-5c42-4b9a-aecd-7ddaf4f44387,46.25961434271365
mlapdv_on_surface_histo_s2s_corr,1bc8a5ff-fe9d-4921-a1db-b4c44f2cf7b9,3c9290bd-f0a8-4b27-be6a-d987557edb95,11.718358010170176
mlapdv_on_surface_histo_s2s_corr,38bc2e7c-d160-4887-86f6-4368bfd58c5f,20ebc2b9-5b4c-42cd-8e4b-65ddb427b7ff,10.552204003723766
mlapdv_on_surface_histo_s2s_corr,38bc2e7c-d160-4887-86f6-4368bfd58c5f,74ffa405-3e23-47d9-972b-11bea1c3c2f6,14.975332858578765
mlapdv_on_surface_histo_s2s_corr,38bc2e7c-d160-4887-86f6-4368bfd58c5f,1322edbf-5c42-4b9a-aecd-7ddaf4f44387,44.5345666112351
mlapdv_on_surface_histo_s2s_corr,38bc2e7c-d160-4887-86f6-4368bfd58c5f,3c9290bd-f0a8-4b27-be6a-d987557edb95,10.750719537320409
mlapdv_on_surface_histo_s2s_corr,20ebc2b9-5b4c-42cd-8e4b-65ddb427b7ff,74ffa405-3e23-47d9-972b-11bea1c3c2f6,21.221745126136895
mlapdv_on_surface_histo_s2s_corr,20ebc2b9-5b4c-42cd-8e4b-65ddb427b7ff,1322edbf-5c42-4b9a-aecd-7ddaf4f44387,38.27676163797125
mlapdv_on_surface_histo_s2s_corr,20ebc2b9-5b4c-42cd-8e4b-65ddb427b7ff,3c9290bd-f0a8-4b27-be6a-d987557edb95,16.81542117882644
mlapdv_on_surface_histo_s2s_corr,74ffa405-3e23-47d9-972b-11bea1c3c2f6,1322edbf-5c42-4b9a-aecd-7ddaf4f44387,55.89535102360277
mlapdv_on_surface_histo_s2s_corr,74ffa405-3e23-47d9-972b-11bea1c3c2f6,3c9290bd-f0a8-4b27-be6a-d987557edb95,7.670505188383209
mlapdv_on_surface_histo_s2s_corr,1322edbf-5c42-4b9a-aecd-7ddaf4f44387,3c9290bd-f0a8-4b27-be6a-d987557edb95,51.442782650653854
mlapdv_histo_s2s_corr,e6331946-b66c-443e-88d9-4b9c848bdbed,6e41f77f-0c61-477e-81ed-0f3150938d27,41.98656929712964
mlapdv_histo_s2s_corr,e6331946-b66c-443e-88d9-4b9c848bdbed,092edbf8-b081-492a-baab-e2a2f22d7fa5,29.46835125748417
mlapdv_histo_s2s_corr,e6331946-b66c-443e-88d9-4b9c848bdbed,403f9193-c956-451a-a9bd-b49a9265078d,57.71300936126134
mlapdv_histo_s2s_corr,e6331946-b66c-443e-88d9-4b9c848bdbed,a52c46a2-93b9-4933-a595-a37b07472ffb,18.452509100708443
mlapdv_histo_s2s_corr,e6331946-b66c-443e-88d9-4b9c848bdbed,b6695d55-9025-4da4-8d7b-17a09a035ea6,30.13810352883141
mlapdv_histo_s2s_corr,e6331946-b66c-443e-88d9-4b9c848bdbed,6ee1cb8f-df61-431a-b6b3-11527926c028,44.57882128824825
mlapdv_histo_s2s_corr,e6331946-b66c-443e-88d9-4b9c848bdbed,0ecfc758-f8ae-4c82-ad8b-cf4c50faa6fb,30.27482009326541
mlapdv_histo_s2s_corr,e6331946-b66c-443e-88d9-4b9c848bdbed,1f44208f-d2e8-4c18-9312-e250c6b498ca,43.106035892070764
mlapdv_histo_s2s_corr,e6331946-b66c-443e-88d9-4b9c848bdbed,83554851-7e47-4a79-82bb-9f37037c5e97,20.446603929366237
mlapdv_histo_s2s_corr,e6331946-b66c-443e-88d9-4b9c848bdbed,e21b8705-4e69-407d-83b7-b8a2b4e6c27b,28.95083577835385
mlapdv_histo_s2s_corr,e6331946-b66c-443e-88d9-4b9c848bdbed,1bc8a5ff-fe9d-4921-a1db-b4c44f2cf7b9,33.20360925094242
mlapdv_histo_s2s_corr,e6331946-b66c-443e-88d9-4b9c848bdbed,38bc2e7c-d160-4887-86f6-4368bfd58c5f,30.382972888343915
mlapdv_histo_s2s_corr,e6331946-b66c-443e-88d9-4b9c848bdbed,20ebc2b9-5b4c-42cd-8e4b-65ddb427b7ff,24.115943916100164
mlapdv_histo_s2s_corr,e6331946-b66c-443e-88d9-4b9c848bdbed,74ffa405-3e23-47d9-972b-11bea1c3c2f6,37.08227375117937
mlapdv_histo_s2s_corr,e6331946-b66c-443e-88d9-4b9c848bdbed,1322edbf-5c42-4b9a-aecd-7ddaf4f44387,31.461657664092932
mlapdv_histo_s2s_corr,e6331946-b66c-443e-88d9-4b9c848bdbed,3c9290bd-f0a8-4b27-be6a-d987557edb95,34.175379633766006
mlapdv_histo_s2s_corr,6e41f77f-0c61-477e-81ed-0f3150938d27,092edbf8-b081-492a-baab-e2a2f22d7fa5,63.26302075385865
mlapdv_histo_s2s_corr,6e41f77f-0c61-477e-81ed-0f3150938d27,403f9193-c956-451a-a9bd-b49a9265078d,92.82533666464363
mlapdv_histo_s2s_corr,6e41f77f-0c61-477e-81ed-0f3150938d27,a52c46a2-93b9-4933-a595-a37b07472ffb,47.63527597005258
mlapdv_histo_s2s_corr,6e41f77f-0c61-477e-81ed-0f3150938d27,b6695d55-9025-4da4-8d7b-17a09a035ea6,55.076193671183866
mlapdv_histo_s2s_corr,6e41f77f-0c61-477e-81ed-0f3150938d27,6ee1cb8f-df61-431a-b6b3-11527926c028,77.16861682442706
mlapdv_histo_s2s_corr,6e41f77f-0c61-477e-81ed-0f3150938d27,0ecfc758-f8ae-4c82-ad8b-cf4c50faa6fb,33.18905272587778
mlapdv_histo_s2s_corr,6e41f77f-0c61-477e-81ed-0f3150938d27,1f44208f-d2e8-4c18-9312-e250c6b498ca,62.508275639033556
mlapdv_histo_s2s_corr,6e41f77f-0c61-477e-81ed-0f3150938d27,83554851-7e47-4a79-82bb-9f37037c5e97,48.59699729202501
mlapdv_histo_s2s_corr,6e41f77f-0c61-477e-81ed-0f3150938d27,e21b8705-4e69-407d-83b7-b8a2b4e6c27b,51.63651705635298
mlapdv_histo_s2s_corr,6e41f77f-0c61-477e-81ed-0f3150938d27,1bc8a5ff-fe9d-4921-a1db-b4c44f2cf7b9,46.07380208836608
mlapdv_histo_s2s_corr,6e41f77f-0c61-477e-81ed-0f3150938d27,38bc2e7c-d160-4887-86f6-4368bfd58c5f,45.032483796967604
mlapdv_histo_s2s_corr,6e41f77f-0c61-477e-81ed-0f3150938d27,20ebc2b9-5b4c-42cd-8e4b-65ddb427b7ff,42.98796666340135
mlapdv_histo_s2s_corr,6e41f77f-0c61-477e-81ed-0f3150938d27,74ffa405-3e23-47d9-972b-11bea1c3c2f6,49.68816296400541
mlapdv_histo_s2s_corr,6e41f77f-0c61-477e-81ed-0f3150938d27,1322edbf-5c42-4b9a-aecd-7ddaf4f44387,50.68652411171956
mlapdv_histo_s2s_corr,6e41f77f-0c61-477e-81ed-0f3150938d27,3c9290bd-f0a8-4b27-be6a-d987557edb95,53.92098157977296
mlapdv_histo_s2s_corr,092edbf8-b081-492a-baab-e2a2f22d7fa5,403f9193-c956-451a-a9bd-b49a9265078d,34.91934861096812
mlapdv_histo_s2s_corr,092edbf8-b081-492a-baab-e2a2f22d7fa5,a52c46a2-93b9-4933-a595-a37b07472ffb,20.29190273463087
mlapdv_histo_s2s_corr,092edbf8-b081-492a-baab-e2a2f22d7fa5,b6695d55-9025-4da4-8d7b-17a09a035ea6,33.51250135977528
mlapdv_histo_s2s_corr,092edbf8-b081-492a-baab-e2a2f22d7fa5,6ee1cb8f-df61-431a-b6b3-11527926c028,22.689268514622928
mlapdv_histo_s2s_corr,092edbf8-b081-492a-baab-e2a2f22d7fa5,0ecfc758-f8ae-4c82-ad8b-cf4c50faa6fb,49.206645927386674
mlapdv_histo_s2s_corr,092edbf8-b081-492a-baab-e2a2f22d7fa5,1f44208f-d2e8-4c18-9312-e250c6b498ca,46.00266340863006
mlapdv_histo_s2s_corr,092edbf8-b081-492a-baab-e2a2f22d7fa5,83554851-7e47-4a79-82bb-9f37037c5e97,22.948855392516112
mlapdv_histo_s2s_corr,092edbf8-b081-492a-baab-e2a2f22d7fa5,e21b8705-4e69-407d-83b7-b8a2b4e6c27b,27.038942494649717
mlapdv_histo_s2s_corr,092edbf8-b081-492a-baab-e2a2f22d7fa5,1bc8a5ff-fe9d-4921-a1db-b4c44f2cf7b9,37.52244390080069
mlapdv_histo_s2s_corr,092edbf8-b081-492a-baab-e2a2f22d7fa5,38bc2e7c-d160-4887-86f6-4368bfd58c5f,35.45529989653494
mlapdv_histo_s2s_corr,092edbf8-b081-492a-baab-e2a2f22d7fa5,20ebc2b9-5b4c-42cd-8e4b-65ddb427b7ff,31.37504750585911
mlapdv_histo_s2s_corr,092edbf8-b081-492a-baab-e2a2f22d7fa5,74ffa405-3e23-47d9-972b-11bea1c3c2f6,40.50232485465423
mlapdv_histo_s2s_corr,092edbf8-b081-492a-baab-e2a2f22d7fa5,1322edbf-5c42-4b9a-aecd-7ddaf4f44387,40.86385265687227
mlapdv_histo_s2s_corr,092edbf8-b081-492a-baab-e2a2f22d7fa5,3c9290bd-f0a8-4b27-be6a-d987557edb95,32.231031607609026
mlapdv_histo_s2s_corr,403f9193-c956-451a-a9bd-b49a9265078d,a52c46a2-93b9-4933-a595-a37b07472ffb,47.73343296253182
mlapdv_histo_s2s_corr,403f9193-c956-451a-a9bd-b49a9265078d,b6695d55-9025-4da4-8d7b-17a09a035ea6,48.40524380832106
mlapdv_histo_s2s_corr,403f9193-c956-451a-a9bd-b49a9265078d,6ee1cb8f-df61-431a-b6b3-11527926c028,27.34160049490791
mlapdv_histo_s2s_corr,403f9193-c956-451a-a9bd-b49a9265078d,0ecfc758-f8ae-4c82-ad8b-cf4c50faa6fb,71.7248764642473
mlapdv_histo_s2s_corr,403f9193-c956-451a-a9bd-b49a9265078d,1f44208f-d2e8-4c18-9312-e250c6b498ca,55.39816494721838
mlapdv_histo_s2s_corr,403f9193-c956-451a-a9bd-b49a9265078d,83554851-7e47-4a79-82bb-9f37037c5e97,49.33821369464267
mlapdv_histo_s2s_corr,403f9193-c956-451a-a9bd-b49a9265078d,e21b8705-4e69-407d-83b7-b8a2b4e6c27b,52.132887559075286
mlapdv_histo_s2s_corr,403f9193-c956-451a-a9bd-b49a9265078d,1bc8a5ff-fe9d-4921-a1db-b4c44f2cf7b9,63.6024222797682
mlapdv_histo_s2s_corr,403f9193-c956-451a-a9bd-b49a9265078d,38bc2e7c-d160-4887-86f6-4368bfd58c5f,62.2054221118126
mlapdv_histo_s2s_corr,403f9193-c956-451a-a9bd-b49a9265078d,20ebc2b9-5b4c-42cd-8e4b-65ddb427b7ff,58.42512570086487
mlapdv_histo_s2s_corr,403f9193-c956-451a-a9bd-b49a9265078d,74ffa405-3e23-47d9-972b-11bea1c3c2f6,66.92812176925402
mlapdv_histo_s2s_corr,403f9193-c956-451a-a9bd-b49a9265078d,1322edbf-5c42-4b9a-aecd-7ddaf4f44387,56.32573912885316
mlapdv_histo_s2s_corr,403f9193-c956-451a-a9bd-b49a9265078d,3c9290bd-f0a8-4b27-be6a-d987557edb95,58.19208214726258
mlapdv_histo_s2s_corr,a52c46a2-93b9-4933-a595-a37b07472ffb,b6695d55-9025-4da4-8d7b-17a09a035ea6,23.729625365398384
mlapdv_histo_s2s_corr,a52c46a2-93b9-4933-a595-a37b07472ffb,6ee1cb8f-df61-431a-b6b3-11527926c028,34.585453851381075
mlapdv_histo_s2s_corr,a52c46a2-93b9-4933-a595-a37b07472ffb,0ecfc758-f8ae-4c82-ad8b-cf4c50faa6fb,33.31913281938536
mlapdv_histo_s2s_corr,a52c46a2-93b9-4933-a595-a37b07472ffb,1f44208f-d2e8-4c18-9312-e250c6b498ca,38.2939075400206
mlapdv_histo_s2s_corr,a52c46a2-93b9-4933-a595-a37b07472ffb,83554851-7e47-4a79-82bb-9f37037c5e97,13.177498753331298
mlapdv_histo_s2s_corr,a52c46a2-93b9-4933-a595-a37b07472ffb,e21b8705-4e69-407d-83b7-b8a2b4e6c27b,19.56217249691423
mlapdv_histo_s2s_corr,a52c46a2-93b9-4933-a595-a37b07472ffb,1bc8a5ff-fe9d-4921-a1db-b4c44f2cf7b9,28.38603967649553
mlapdv_histo_s2s_corr,a52c46a2-93b9-4933-a595-a37b07472ffb,38bc2e7c-d160-4887-86f6-4368bfd58c5f,25.778273647046408
mlapdv_histo_s2s_corr,a52c46a2-93b9-4933-a595-a37b07472ffb,20ebc2b9-5b4c-42cd-8e4b-65ddb427b7ff,19.76952519564775
mlapdv_histo_s2s_corr,a52c46a2-93b9-4933-a595-a37b07472ffb,74ffa405-3e23-47d9-972b-11bea1c3c2f6,33.94219163491468
mlapdv_histo_s2s_corr,a52c46a2-93b9-4933-a595-a37b07472ffb,1322edbf-5c42-4b9a-aecd-7ddaf4f44387,28.48476270982541
mlapdv_histo_s2s_corr,a52c46a2-93b9-4933-a595-a37b07472ffb,3c9290bd-f0a8-4b27-be6a-d987557edb95,28.195137349271455
mlapdv_histo_s2s_corr,b6695d55-9025-4da4-8d7b-17a09a035ea6,6ee1cb8f-df61-431a-b6b3-11527926c028,42.02283892454651
mlapdv_histo_s2s_corr,b6695d55-9025-4da4-8d7b-17a09a035ea6,0ecfc758-f8ae-4c82-ad8b-cf4c50faa6fb,28.707170774626512
mlapdv_histo_s2s_corr,b6695d55-9025-4da4-8d7b-17a09a035ea6,1f44208f-d2e8-4c18-9312-e250c6b498ca,20.23179948754209
mlapdv_histo_s2s_corr,b6695d55-9025-4da4-8d7b-17a09a035ea6,83554851-7e47-4a79-82bb-9f37037c5e97,25.633735255269222
mlapdv_histo_s2s_corr,b6695d55-9025-4da4-8d7b-17a09a035ea6,e21b8705-4e69-407d-83b7-b8a2b4e6c27b,34.939022878465764
mlapdv_histo_s2s_corr,b6695d55-9025-4da4-8d7b-17a09a035ea6,1bc8a5ff-fe9d-4921-a1db-b4c44f2cf7b9,42.47203456536485
mlapdv_histo_s2s_corr,b6695d55-9025-4da4-8d7b-17a09a035ea6,38bc2e7c-d160-4887-86f6-4368bfd58c5f,40.940088474879474
mlapdv_histo_s2s_corr,b6695d55-9025-4da4-8d7b-17a09a035ea6,20ebc2b9-5b4c-42cd-8e4b-65ddb427b7ff,35.018369529165135
mlapdv_histo_s2s_corr,b6695d55-9025-4da4-8d7b-17a09a035ea6,74ffa405-3e23-47d9-972b-11bea1c3c2f6,51.18873222239876
mlapdv_histo_s2s_corr,b6695d55-9025-4da4-8d7b-17a09a035ea6,1322edbf-5c42-4b9a-aecd-7ddaf4f44387,12.859249528634821
mlapdv_histo_s2s_corr,b6695d55-9025-4da4-8d7b-17a09a035ea6,3c9290bd-f0a8-4b27-be6a-d987557edb95,46.23154162487399
mlapdv_histo_s2s_corr,6ee1cb8f-df61-431a-b6b3-11527926c028,0ecfc758-f8ae-4c82-ad8b-cf4c50faa6fb,60.86708508206046
mlapdv_histo_s2s_corr,6ee1cb8f-df61-431a-b6b3-11527926c028,1f44208f-d2e8-4c18-9312-e250c6b498ca,53.06656440220336
mlapdv_histo_s2s_corr,6ee1cb8f-df61-431a-b6b3-11527926c028,83554851-7e47-4a79-82bb-9f37037c5e97,33.30067747684505
mlapdv_histo_s2s_corr,6ee1cb8f-df61-431a-b6b3-11527926c028,e21b8705-4e69-407d-83b7-b8a2b4e6c27b,31.548156688171968
mlapdv_histo_s2s_corr,6ee1cb8f-df61-431a-b6b3-11527926c028,1bc8a5ff-fe9d-4921-a1db-b4c44f2cf7b9,42.74437936291081
mlapdv_histo_s2s_corr,6ee1cb8f-df61-431a-b6b3-11527926c028,38bc2e7c-d160-4887-86f6-4368bfd58c5f,41.557877816268096
mlapdv_histo_s2s_corr,6ee1cb8f-df61-431a-b6b3-11527926c028,20ebc2b9-5b4c-42cd-8e4b-65ddb427b7ff,39.03076295382939
mlapdv_histo_s2s_corr,6ee1cb8f-df61-431a-b6b3-11527926c028,74ffa405-3e23-47d9-972b-11bea1c3c2f6,44.885760157124395
mlapdv_histo_s2s_corr,6ee1cb8f-df61-431a-b6b3-11527926c028,1322edbf-5c42-4b9a-aecd-7ddaf4f44387,49.37841717662039
mlapdv_histo_s2s_corr,6ee1cb8f-df61-431a-b6b3-11527926c028,3c9290bd-f0a8-4b27-be6a-d987557edb95,36.10840390599901
mlapdv_histo_s2s_corr,0ecfc758-f8ae-4c82-ad8b-cf4c50faa6fb,1f44208f-d2e8-4c18-9312-e250c6b498ca,36.05566269710135
mlapdv_histo_s2s_corr,0ecfc758-f8ae-4c82-ad8b-cf4c50faa6fb,83554851-7e47-4a79-82bb-9f37037c5e97,34.84344281027772
mlapdv_histo_s2s_corr,0ecfc758-f8ae-4c82-ad8b-cf4c50faa6fb,e21b8705-4e69-407d-83b7-b8a2b4e6c27b,41.88009249028375
mlapdv_histo_s2s_corr,0ecfc758-f8ae-4c82-ad8b-cf4c50faa6fb,1bc8a5ff-fe9d-4921-a1db-b4c44f2cf7b9,42.81466225741029
mlapdv_histo_s2s_corr,0ecfc758-f8ae-4c82-ad8b-cf4c50faa6fb,38bc2e7c-d160-4887-86f6-4368bfd58c5f,41.21710281809412
mlapdv_histo_s2s_corr,0ecfc758-f8ae-4c82-ad8b-cf4c50faa6fb,20ebc2b9-5b4c-42cd-8e4b-65ddb427b7ff,35.732449703244995
mlapdv_histo_s2s_corr,0ecfc758-f8ae-4c82-ad8b-cf4c50faa6fb,74ffa405-3e23-47d9-972b-11bea1c3c2f6,50.736328543049154
mlapdv_histo_s2s_corr,0ecfc758-f8ae-4c82-ad8b-cf4c50faa6fb,1322edbf-5c42-4b9a-aecd-7ddaf4f44387,22.503256345469282
mlapdv_histo_s2s_corr,0ecfc758-f8ae-4c82-ad8b-cf4c50faa6fb,3c9290bd-f0a8-4b27-be6a-d987557edb95,50.494634252478136
mlapdv_histo_s2s_corr,1f44208f-d2e8-4c18-9312-e250c6b498ca,83554851-7e47-4a79-82bb-9f37037c5e97,39.14591720162644
mlapdv_histo_s2s_corr,1f44208f-d2e8-4c18-9312-e250c6b498ca,e21b8705-4e69-407d-83b7-b8a2b4e6c27b,47.85154538737914
mlapdv_histo_s2s_corr,1f44208f-d2e8-4c18-9312-e250c6b498ca,1bc8a5ff-fe9d-4921-a1db-b4c44f2cf7b9,54.131243364681296
mlapdv_histo_s2s_corr,1f44208f-d2e8-4c18-9312-e250c6b498ca,38bc2e7c-d160-4887-86f6-4368bfd58c5f,53.171339867849774
mlapdv_histo_s2s_corr,1f44208f-d2e8-4c18-9312-e250c6b498ca,20ebc2b9-5b4c-42cd-8e4b-65ddb427b7ff,48.12970137215875
mlapdv_histo_s2s_corr,1f44208f-d2e8-4c18-9312-e250c6b498ca,74ffa405-3e23-47d9-972b-11bea1c3c2f6,64.36826402190893
mlapdv_histo_s2s_corr,1f44208f-d2e8-4c18-9312-e250c6b498ca,1322edbf-5c42-4b9a-aecd-7ddaf4f44387,19.299593906876986
mlapdv_histo_s2s_corr,1f44208f-d2e8-4c18-9312-e250c6b498ca,3c9290bd-f0a8-4b27-be6a-d987557edb95,59.654505214673975
mlapdv_histo_s2s_corr,83554851-7e47-4a79-82bb-9f37037c5e97,e21b8705-4e69-407d-83b7-b8a2b4e6c27b,16.718401443007885
mlapdv_histo_s2s_corr,83554851-7e47-4a79-82bb-9f37037c5e97,1bc8a5ff-fe9d-4921-a1db-b4c44f2cf7b9,23.97154313358271
mlapdv_histo_s2s_corr,83554851-7e47-4a79-82bb-9f37037c5e97,38bc2e7c-d160-4887-86f6-4368bfd58c5f,22.220609213381618
mlapdv_histo_s2s_corr,83554851-7e47-4a79-82bb-9f37037c5e97,20ebc2b9-5b4c-42cd-8e4b-65ddb427b7ff,17.183387813925556
mlapdv_histo_s2s_corr,83554851-7e47-4a79-82bb-9f37037c5e97,74ffa405-3e23-47d9-972b-11bea1c3c2f6,31.229056287704527
mlapdv_histo_s2s_corr,83554851-7e47-4a79-82bb-9f37037c5e97,1322edbf-5c42-4b9a-aecd-7ddaf4f44387,30.449005700169693
mlapdv_histo_s2s_corr,83554851-7e47-4a79-82bb-9f37037c5e97,3c9290bd-f0a8-4b27-be6a-d987557edb95,25.600825102364954
mlapdv_histo_s2s_corr,e21b8705-4e69-407d-83b7-b8a2b4e6c27b,1bc8a5ff-fe9d-4921-a1db-b4c44f2cf7b9,14.850385031982741
mlapdv_histo_s2s_corr,e21b8705-4e69-407d-83b7-b8a2b4e6c27b,38bc2e7c-d160-4887-86f6-4368bfd58c5f,12.97204167390366
mlapdv_histo_s2s_corr,e21b8705-4e69-407d-83b7-b8a2b4e6c27b,20ebc2b9-5b4c-42cd-8e4b-65ddb427b7ff,12.258053750542587
mlapdv_histo_s2s_corr,e21b8705-4e69-407d-83b7-b8a2b4e6c27b,74ffa405-3e23-47d9-972b-11bea1c3c2f6,21.979735144176225
mlapdv_histo_s2s_corr,e21b8705-4e69-407d-83b7-b8a2b4e6c27b,1322edbf-5c42-4b9a-aecd-7ddaf4f44387,38.85835147570314
mlapdv_histo_s2s_corr,e21b8705-4e69-407d-83b7-b8a2b4e6c27b,3c9290bd-f0a8-4b27-be6a-d987557edb95,15.651275310071195
mlapdv_histo_s2s_corr,1bc8a5ff-fe9d-4921-a1db-b4c44f2cf7b9,38bc2e7c-d160-4887-86f6-4368bfd58c5f,5.9388429506783975
mlapdv_histo_s2s_corr,1bc8a5ff-fe9d-4921-a1db-b4c44f2cf7b9,20ebc2b9-5b4c-42cd-8e4b-65ddb427b7ff,12.994960880932592
mlapdv_histo_s2s_corr,1bc8a5ff-fe9d-4921-a1db-b4c44f2cf7b9,74ffa405-3e23-47d9-972b-11bea1c3c2f6,14.589571724151197
mlapdv_histo_s2s_corr,1bc8a5ff-fe9d-4921-a1db-b4c44f2cf7b9,1322edbf-5c42-4b9a-aecd-7ddaf4f44387,44.43336800195468
mlapdv_histo_s2s_corr,1bc8a5ff-fe9d-4921-a1db-b4c44f2cf7b9,3c9290bd-f0a8-4b27-be6a-d987557edb95,15.238462906648627
mlapdv_histo_s2s_corr,38bc2e7c-d160-4887-86f6-4368bfd58c5f,20ebc2b9-5b4c-42cd-8e4b-65ddb427b7ff,10.387959507795857
mlapdv_histo_s2s_corr,38bc2e7c-d160-4887-86f6-4368bfd58c5f,74ffa405-3e23-47d9-972b-11bea1c3c2f6,14.699525120567717
mlapdv_histo_s2s_corr,38bc2e7c-d160-4887-86f6-4368bfd58c5f,1322edbf-5c42-4b9a-aecd-7ddaf4f44387,42.867268713397124
mlapdv_histo_s2s_corr,38bc2e7c-d160-4887-86f6-4368bfd58c5f,3c9290bd-f0a8-4b27-be6a-d987557edb95,14.501486614306113
mlapdv_histo_s2s_corr,20ebc2b9-5b4c-42cd-8e4b-65ddb427b7ff,74ffa405-3e23-47d9-972b-11bea1c3c2f6,20.6786693661133
mlapdv_histo_s2s_corr,20ebc2b9-5b4c-42cd-8e4b-65ddb427b7ff,1322edbf-5c42-4b9a-aecd-7ddaf4f44387,36.871000131946246
mlapdv_histo_s2s_corr,20ebc2b9-5b4c-42cd-8e4b-65ddb427b7ff,3c9290bd-f0a8-4b27-be6a-d987557edb95,19.27342551173569
mlapdv_histo_s2s_corr,74ffa405-3e23-47d9-972b-11bea1c3c2f6,1322edbf-5c42-4b9a-aecd-7ddaf4f44387,53.57209930585291
mlapdv_histo_s2s_corr,74ffa405-3e23-47d9-972b-11bea1c3c2f6,3c9290bd-f0a8-4b27-be6a-d987557edb95,12.308985038274912
mlapdv_histo_s2s_corr,1322edbf-5c42-4b9a-aecd-7ddaf4f44387,3c9290bd-f0a8-4b27-be6a-d987557edb95,50.16090304431803
mlapdv_on_surface_histo_s2s_i25_corr,e6331946-b66c-443e-88d9-4b9c848bdbed,6e41f77f-0c61-477e-81ed-0f3150938d27,21.974795642629488
mlapdv_on_surface_histo_s2s_i25_corr,e6331946-b66c-443e-88d9-4b9c848bdbed,092edbf8-b081-492a-baab-e2a2f22d7fa5,11.436324429745534
mlapdv_on_surface_histo_s2s_i25_corr,e6331946-b66c-443e-88d9-4b9c848bdbed,403f9193-c956-451a-a9bd-b49a9265078d,24.256667275118104
mlapdv_on_surface_histo_s2s_i25_corr,e6331946-b66c-443e-88d9-4b9c848bdbed,a52c46a2-93b9-4933-a595-a37b07472ffb,13.889270182069737
mlapdv_on_surface_histo_s2s_i25_corr,e6331946-b66c-443e-88d9-4b9c848bdbed,b6695d55-9025-4da4-8d7b-17a09a035ea6,27.43861690803566
mlapdv_on_surface_histo_s2s_i25_corr,e6331946-b66c-443e-88d9-4b9c848bdbed,6ee1cb8f-df61-431a-b6b3-11527926c028,26.521822955359113
mlapdv_on_surface_histo_s2s_i25_corr,e6331946-b66c-443e-88d9-4b9c848bdbed,0ecfc758-f8ae-4c82-ad8b-cf4c50faa6fb,23.057189127024664
mlapdv_on_surface_histo_s2s_i25_corr,e6331946-b66c-443e-88d9-4b9c848bdbed,1f44208f-d2e8-4c18-9312-e250c6b498ca,41.781791863597896
mlapdv_on_surface_histo_s2s_i25_corr,e6331946-b66c-443e-88d9-4b9c848bdbed,83554851-7e47-4a79-82bb-9f37037c5e97,15.835247663016702
mlapdv_on_surface_histo_s2s_i25_corr,e6331946-b66c-443e-88d9-4b9c848bdbed,e21b8705-4e69-407d-83b7-b8a2b4e6c27b,26.250759677517113
mlapdv_on_surface_histo_s2s_i25_corr,e6331946-b66c-443e-88d9-4b9c848bdbed,1bc8a5ff-fe9d-4921-a1db-b4c44f2cf7b9,33.0365618566881
mlapdv_on_surface_histo_s2s_i25_corr,e6331946-b66c-443e-88d9-4b9c848bdbed,38bc2e7c-d160-4887-86f6-4368bfd58c5f,29.896182756629017
mlapdv_on_surface_histo_s2s_i25_corr,e6331946-b66c-443e-88d9-4b9c848bdbed,20ebc2b9-5b4c-42cd-8e4b-65ddb427b7ff,23.0258019473739
mlapdv_on_surface_histo_s2s_i25_corr,e6331946-b66c-443e-88d9-4b9c848bdbed,74ffa405-3e23-47d9-972b-11bea1c3c2f6,37.64804807681965
mlapdv_on_surface_histo_s2s_i25_corr,e6331946-b66c-443e-88d9-4b9c848bdbed,1322edbf-5c42-4b9a-aecd-7ddaf4f44387,30.684067640492884
mlapdv_on_surface_histo_s2s_i25_corr,e6331946-b66c-443e-88d9-4b9c848bdbed,3c9290bd-f0a8-4b27-be6a-d987557edb95,32.89264531867169
mlapdv_on_surface_histo_s2s_i25_corr,6e41f77f-0c61-477e-81ed-0f3150938d27,092edbf8-b081-492a-baab-e2a2f22d7fa5,20.50164324697545
mlapdv_on_surface_histo_s2s_i25_corr,6e41f77f-0c61-477e-81ed-0f3150938d27,403f9193-c956-451a-a9bd-b49a9265078d,36.610816999548554
mlapdv_on_surface_histo_s2s_i25_corr,6e41f77f-0c61-477e-81ed-0f3150938d27,a52c46a2-93b9-4933-a595-a37b07472ffb,19.122220000630023
mlapdv_on_surface_histo_s2s_i25_corr,6e41f77f-0c61-477e-81ed-0f3150938d27,b6695d55-9025-4da4-8d7b-17a09a035ea6,33.191650816797434
mlapdv_on_surface_histo_s2s_i25_corr,6e41f77f-0c61-477e-81ed-0f3150938d27,6ee1cb8f-df61-431a-b6b3-11527926c028,34.74183811767948
mlapdv_on_surface_histo_s2s_i25_corr,6e41f77f-0c61-477e-81ed-0f3150938d27,0ecfc758-f8ae-4c82-ad8b-cf4c50faa6fb,26.36580043029697
mlapdv_on_surface_histo_s2s_i25_corr,6e41f77f-0c61-477e-81ed-0f3150938d27,1f44208f-d2e8-4c18-9312-e250c6b498ca,42.463008977371665
mlapdv_on_surface_histo_s2s_i25_corr,6e41f77f-0c61-477e-81ed-0f3150938d27,83554851-7e47-4a79-82bb-9f37037c5e97,20.90903483758364
mlapdv_on_surface_histo_s2s_i25_corr,6e41f77f-0c61-477e-81ed-0f3150938d27,e21b8705-4e69-407d-83b7-b8a2b4e6c27b,26.953573134765442
mlapdv_on_surface_histo_s2s_i25_corr,6e41f77f-0c61-477e-81ed-0f3150938d27,1bc8a5ff-fe9d-4921-a1db-b4c44f2cf7b9,28.99501880804349
mlapdv_on_surface_histo_s2s_i25_corr,6e41f77f-0c61-477e-81ed-0f3150938d27,38bc2e7c-d160-4887-86f6-4368bfd58c5f,27.196186529975662
mlapdv_on_surface_histo_s2s_i25_corr,6e41f77f-0c61-477e-81ed-0f3150938d27,20ebc2b9-5b4c-42cd-8e4b-65ddb427b7ff,23.697207399144897
mlapdv_on_surface_histo_s2s_i25_corr,6e41f77f-0c61-477e-81ed-0f3150938d27,74ffa405-3e23-47d9-972b-11bea1c3c2f6,35.24988127734277
mlapdv_on_surface_histo_s2s_i25_corr,6e41f77f-0c61-477e-81ed-0f3150938d27,1322edbf-5c42-4b9a-aecd-7ddaf4f44387,35.288687242957565
mlapdv_on_surface_histo_s2s_i25_corr,6e41f77f-0c61-477e-81ed-0f3150938d27,3c9290bd-f0a8-4b27-be6a-d987557edb95,31.3740018271964
mlapdv_on_surface_histo_s2s_i25_corr,092edbf8-b081-492a-baab-e2a2f22d7fa5,403f9193-c956-451a-a9bd-b49a9265078d,21.3934518851513
mlapdv_on_surface_histo_s2s_i25_corr,092edbf8-b081-492a-baab-e2a2f22d7fa5,a52c46a2-93b9-4933-a595-a37b07472ffb,8.000673983064132
mlapdv_on_surface_histo_s2s_i25_corr,092edbf8-b081-492a-baab-e2a2f22d7fa5,b6695d55-9025-4da4-8d7b-17a09a035ea6,26.955485515056182
mlapdv_on_surface_histo_s2s_i25_corr,092edbf8-b081-492a-baab-e2a2f22d7fa5,6ee1cb8f-df61-431a-b6b3-11527926c028,18.96915988891092
mlapdv_on_surface_histo_s2s_i25_corr,092edbf8-b081-492a-baab-e2a2f22d7fa5,0ecfc758-f8ae-4c82-ad8b-cf4c50faa6fb,22.6676673071771
mlapdv_on_surface_histo_s2s_i25_corr,092edbf8-b081-492a-baab-e2a2f22d7fa5,1f44208f-d2e8-4c18-9312-e250c6b498ca,41.91916428264176
mlapdv_on_surface_histo_s2s_i25_corr,092edbf8-b081-492a-baab-e2a2f22d7fa5,83554851-7e47-4a79-82bb-9f37037c5e97,12.274383657754369
mlapdv_on_surface_histo_s2s_i25_corr,092edbf8-b081-492a-baab-e2a2f22d7fa5,e21b8705-4e69-407d-83b7-b8a2b4e6c27b,18.133418691681232
mlapdv_on_surface_histo_s2s_i25_corr,092edbf8-b081-492a-baab-e2a2f22d7fa5,1bc8a5ff-fe9d-4921-a1db-b4c44f2cf7b9,25.687404186036773
mlapdv_on_surface_histo_s2s_i25_corr,092edbf8-b081-492a-baab-e2a2f22d7fa5,38bc2e7c-d160-4887-86f6-4368bfd58c5f,22.565207438563217
mlapdv_on_surface_histo_s2s_i25_corr,092edbf8-b081-492a-baab-e2a2f22d7fa5,20ebc2b9-5b4c-42cd-8e4b-65ddb427b7ff,15.32751779673626
mlapdv_on_surface_histo_s2s_i25_corr,092edbf8-b081-492a-baab-e2a2f22d7fa5,74ffa405-3e23-47d9-972b-11bea1c3c2f6,30.6298986398829
mlapdv_on_surface_histo_s2s_i25_corr,092edbf8-b081-492a-baab-e2a2f22d7fa5,1322edbf-5c42-4b9a-aecd-7ddaf4f44387,30.14420157092222
mlapdv_on_surface_histo_s2s_i25_corr,092edbf8-b081-492a-baab-e2a2f22d7fa5,3c9290bd-f0a8-4b27-be6a-d987557edb95,25.918196503646865
mlapdv_on_surface_histo_s2s_i25_corr,403f9193-c956-451a-a9bd-b49a9265078d,a52c46a2-93b9-4933-a595-a37b07472ffb,18.838254316406896
mlapdv_on_surface_histo_s2s_i25_corr,403f9193-c956-451a-a9bd-b49a9265078d,b6695d55-9025-4da4-8d7b-17a09a035ea6,20.791073629504474
mlapdv_on_surface_histo_s2s_i25_corr,403f9193-c956-451a-a9bd-b49a9265078d,6ee1cb8f-df61-431a-b6b3-11527926c028,18.746929234533578
mlapdv_on_surface_histo_s2s_i25_corr,403f9193-c956-451a-a9bd-b49a9265078d,0ecfc758-f8ae-4c82-ad8b-cf4c50faa6fb,21.497977211768
mlapdv_on_surface_histo_s2s_i25_corr,403f9193-c956-451a-a9bd-b49a9265078d,1f44208f-d2e8-4c18-9312-e250c6b498ca,34.283047816292154
mlapdv_on_surface_histo_s2s_i25_corr,403f9193-c956-451a-a9bd-b49a9265078d,83554851-7e47-4a79-82bb-9f37037c5e97,22.505987719114234
mlapdv_on_surface_histo_s2s_i25_corr,403f9193-c956-451a-a9bd-b49a9265078d,e21b8705-4e69-407d-83b7-b8a2b4e6c27b,29.00679468322725
mlapdv_on_surface_histo_s2s_i25_corr,403f9193-c956-451a-a9bd-b49a9265078d,1bc8a5ff-fe9d-4921-a1db-b4c44f2cf7b9,37.751951591851565
mlapdv_on_surface_histo_s2s_i25_corr,403f9193-c956-451a-a9bd-b49a9265078d,38bc2e7c-d160-4887-86f6-4368bfd58c5f,35.273154820256195
mlapdv_on_surface_histo_s2s_i25_corr,403f9193-c956-451a-a9bd-b49a9265078d,20ebc2b9-5b4c-42cd-8e4b-65ddb427b7ff,27.340667004214335
mlapdv_on_surface_histo_s2s_i25_corr,403f9193-c956-451a-a9bd-b49a9265078d,74ffa405-3e23-47d9-972b-11bea1c3c2f6,43.943228027186926
mlapdv_on_surface_histo_s2s_i25_corr,403f9193-c956-451a-a9bd-b49a9265078d,1322edbf-5c42-4b9a-aecd-7ddaf4f44387,22.10576368954357
mlapdv_on_surface_histo_s2s_i25_corr,403f9193-c956-451a-a9bd-b49a9265078d,3c9290bd-f0a8-4b27-be6a-d987557edb95,39.7255113211411
mlapdv_on_surface_histo_s2s_i25_corr,a52c46a2-93b9-4933-a595-a37b07472ffb,b6695d55-9025-4da4-8d7b-17a09a035ea6,22.02514751560912
mlapdv_on_surface_histo_s2s_i25_corr,a52c46a2-93b9-4933-a595-a37b07472ffb,6ee1cb8f-df61-431a-b6b3-11527926c028,20.297535786847973
mlapdv_on_surface_histo_s2s_i25_corr,a52c46a2-93b9-4933-a595-a37b07472ffb,0ecfc758-f8ae-4c82-ad8b-cf4c50faa6fb,18.607126200685848
mlapdv_on_surface_histo_s2s_i25_corr,a52c46a2-93b9-4933-a595-a37b07472ffb,1f44208f-d2e8-4c18-9312-e250c6b498ca,37.879225711592795
mlapdv_on_surface_histo_s2s_i25_corr,a52c46a2-93b9-4933-a595-a37b07472ffb,83554851-7e47-4a79-82bb-9f37037c5e97,11.368363421540717
mlapdv_on_surface_histo_s2s_i25_corr,a52c46a2-93b9-4933-a595-a37b07472ffb,e21b8705-4e69-407d-83b7-b8a2b4e6c27b,18.00831425858845
mlapdv_on_surface_histo_s2s_i25_corr,a52c46a2-93b9-4933-a595-a37b07472ffb,1bc8a5ff-fe9d-4921-a1db-b4c44f2cf7b9,25.77572312249384
mlapdv_on_surface_histo_s2s_i25_corr,a52c46a2-93b9-4933-a595-a37b07472ffb,38bc2e7c-d160-4887-86f6-4368bfd58c5f,22.760485091368086
mlapdv_on_surface_histo_s2s_i25_corr,a52c46a2-93b9-4933-a595-a37b07472ffb,20ebc2b9-5b4c-42cd-8e4b-65ddb427b7ff,15.244258504596774
mlapdv_on_surface_histo_s2s_i25_corr,a52c46a2-93b9-4933-a595-a37b07472ffb,74ffa405-3e23-47d9-972b-11bea1c3c2f6,32.33078177002004
mlapdv_on_surface_histo_s2s_i25_corr,a52c46a2-93b9-4933-a595-a37b07472ffb,1322edbf-5c42-4b9a-aecd-7ddaf4f44387,25.462839554398
mlapdv_on_surface_histo_s2s_i25_corr,a52c46a2-93b9-4933-a595-a37b07472ffb,3c9290bd-f0a8-4b27-be6a-d987557edb95,27.456601108649714
mlapdv_on_surface_histo_s2s_i25_corr,b6695d55-9025-4da4-8d7b-17a09a035ea6,6ee1cb8f-df61-431a-b6b3-11527926c028,31.961210201916774
mlapdv_on_surface_histo_s2s_i25_corr,b6695d55-9025-4da4-8d7b-17a09a035ea6,0ecfc758-f8ae-4c82-ad8b-cf4c50faa6fb,9.820414372217273
mlapdv_on_surface_histo_s2s_i25_corr,b6695d55-9025-4da4-8d7b-17a09a035ea6,1f44208f-d2e8-4c18-9312-e250c6b498ca,18.39529134406448
mlapdv_on_surface_histo_s2s_i25_corr,b6695d55-9025-4da4-8d7b-17a09a035ea6,83554851-7e47-4a79-82bb-9f37037c5e97,23.813557570584802
mlapdv_on_surface_histo_s2s_i25_corr,b6695d55-9025-4da4-8d7b-17a09a035ea6,e21b8705-4e69-407d-83b7-b8a2b4e6c27b,34.394328451042426
mlapdv_on_surface_histo_s2s_i25_corr,b6695d55-9025-4da4-8d7b-17a09a035ea6,1bc8a5ff-fe9d-4921-a1db-b4c44f2cf7b9,41.8592969394402
mlapdv_on_surface_histo_s2s_i25_corr,b6695d55-9025-4da4-8d7b-17a09a035ea6,38bc2e7c-d160-4887-86f6-4368bfd58c5f,39.994815075397526
mlapdv_on_surface_histo_s2s_i25_corr,b6695d55-9025-4da4-8d7b-17a09a035ea6,20ebc2b9-5b4c-42cd-8e4b-65ddb427b7ff,33.22486851835569
mlapdv_on_surface_histo_s2s_i25_corr,b6695d55-9025-4da4-8d7b-17a09a035ea6,74ffa405-3e23-47d9-972b-11bea1c3c2f6,51.43212867386129
mlapdv_on_surface_histo_s2s_i25_corr,b6695d55-9025-4da4-8d7b-17a09a035ea6,1322edbf-5c42-4b9a-aecd-7ddaf4f44387,6.822728930443031
mlapdv_on_surface_histo_s2s_i25_corr,b6695d55-9025-4da4-8d7b-17a09a035ea6,3c9290bd-f0a8-4b27-be6a-d987557edb95,46.731487087964695
mlapdv_on_surface_histo_s2s_i25_corr,6ee1cb8f-df61-431a-b6b3-11527926c028,0ecfc758-f8ae-4c82-ad8b-cf4c50faa6fb,31.02873202456727
mlapdv_on_surface_histo_s2s_i25_corr,6ee1cb8f-df61-431a-b6b3-11527926c028,1f44208f-d2e8-4c18-9312-e250c6b498ca,46.668541367350244
mlapdv_on_surface_histo_s2s_i25_corr,6ee1cb8f-df61-431a-b6b3-11527926c028,83554851-7e47-4a79-82bb-9f37037c5e97,18.04184663684535
mlapdv_on_surface_histo_s2s_i25_corr,6ee1cb8f-df61-431a-b6b3-11527926c028,e21b8705-4e69-407d-83b7-b8a2b4e6c27b,15.081492271580705
mlapdv_on_surface_histo_s2s_i25_corr,6ee1cb8f-df61-431a-b6b3-11527926c028,1bc8a5ff-fe9d-4921-a1db-b4c44f2cf7b9,22.957695238248775
mlapdv_on_surface_histo_s2s_i25_corr,6ee1cb8f-df61-431a-b6b3-11527926c028,38bc2e7c-d160-4887-86f6-4368bfd58c5f,20.70324536356585
mlapdv_on_surface_histo_s2s_i25_corr,6ee1cb8f-df61-431a-b6b3-11527926c028,20ebc2b9-5b4c-42cd-8e4b-65ddb427b7ff,15.867419330567209
mlapdv_on_surface_histo_s2s_i25_corr,6ee1cb8f-df61-431a-b6b3-11527926c028,74ffa405-3e23-47d9-972b-11bea1c3c2f6,27.35130722364772
mlapdv_on_surface_histo_s2s_i25_corr,6ee1cb8f-df61-431a-b6b3-11527926c028,1322edbf-5c42-4b9a-aecd-7ddaf4f44387,34.679132104661946
mlapdv_on_surface_histo_s2s_i25_corr,6ee1cb8f-df61-431a-b6b3-11527926c028,3c9290bd-f0a8-4b27-be6a-d987557edb95,22.97404591401439
mlapdv_on_surface_histo_s2s_i25_corr,0ecfc758-f8ae-4c82-ad8b-cf4c50faa6fb,1f44208f-d2e8-4c18-9312-e250c6b498ca,22.249418861597675
mlapdv_on_surface_histo_s2s_i25_corr,0ecfc758-f8ae-4c82-ad8b-cf4c50faa6fb,83554851-7e47-4a79-82bb-9f37037c5e97,20.799120993484912
mlapdv_on_surface_histo_s2s_i25_corr,0ecfc758-f8ae-4c82-ad8b-cf4c50faa6fb,e21b8705-4e69-407d-83b7-b8a2b4e6c27b,32.20036778112304
mlapdv_on_surface_histo_s2s_i25_corr,0ecfc758-f8ae-4c82-ad8b-cf4c50faa6fb,1bc8a5ff-fe9d-4921-a1db-b4c44f2cf7b9,39.381969237537234
mlapdv_on_surface_histo_s2s_i25_corr,0ecfc758-f8ae-4c82-ad8b-cf4c50faa6fb,38bc2e7c-d160-4887-86f6-4368bfd58c5f,37.336002660073326
mlapdv_on_surface_histo_s2s_i25_corr,0ecfc758-f8ae-4c82-ad8b-cf4c50faa6fb,20ebc2b9-5b4c-42cd-8e4b-65ddb427b7ff,30.557447629627333
mlapdv_on_surface_histo_s2s_i25_corr,0ecfc758-f8ae-4c82-ad8b-cf4c50faa6fb,74ffa405-3e23-47d9-972b-11bea1c3c2f6,48.60210789792231
mlapdv_on_surface_histo_s2s_i25_corr,0ecfc758-f8ae-4c82-ad8b-cf4c50faa6fb,1322edbf-5c42-4b9a-aecd-7ddaf4f44387,11.299537516714816
mlapdv_on_surface_histo_s2s_i25_corr,0ecfc758-f8ae-4c82-ad8b-cf4c50faa6fb,3c9290bd-f0a8-4b27-be6a-d987557edb95,43.76320852331926
mlapdv_on_surface_histo_s2s_i25_corr,1f44208f-d2e8-4c18-9312-e250c6b498ca,83554851-7e47-4a79-82bb-9f37037c5e97,38.565751899688934
mlapdv_on_surface_histo_s2s_i25_corr,1f44208f-d2e8-4c18-9312-e250c6b498ca,e21b8705-4e69-407d-83b7-b8a2b4e6c27b,48.282091749703845
mlapdv_on_surface_histo_s2s_i25_corr,1f44208f-d2e8-4c18-9312-e250c6b498ca,1bc8a5ff-fe9d-4921-a1db-b4c44f2cf7b9,54.55079272336797
mlapdv_on_surface_histo_s2s_i25_corr,1f44208f-d2e8-4c18-9312-e250c6b498ca,38bc2e7c-d160-4887-86f6-4368bfd58c5f,53.32861218112351
mlapdv_on_surface_histo_s2s_i25_corr,1f44208f-d2e8-4c18-9312-e250c6b498ca,20ebc2b9-5b4c-42cd-8e4b-65ddb427b7ff,47.6702964388409
mlapdv_on_surface_histo_s2s_i25_corr,1f44208f-d2e8-4c18-9312-e250c6b498ca,74ffa405-3e23-47d9-972b-11bea1c3c2f6,65.39855056207728
mlapdv_on_surface_histo_s2s_i25_corr,1f44208f-d2e8-4c18-9312-e250c6b498ca,1322edbf-5c42-4b9a-aecd-7ddaf4f44387,14.548241910185373
mlapdv_on_surface_histo_s2s_i25_corr,1f44208f-d2e8-4c18-9312-e250c6b498ca,3c9290bd-f0a8-4b27-be6a-d987557edb95,60.949585625062944
mlapdv_on_surface_histo_s2s_i25_corr,83554851-7e47-4a79-82bb-9f37037c5e97,e21b8705-4e69-407d-83b7-b8a2b4e6c27b,14.812353274800092
mlapdv_on_surface_histo_s2s_i25_corr,83554851-7e47-4a79-82bb-9f37037c5e97,1bc8a5ff-fe9d-4921-a1db-b4c44f2cf7b9,20.899179867848638
mlapdv_on_surface_histo_s2s_i25_corr,83554851-7e47-4a79-82bb-9f37037c5e97,38bc2e7c-d160-4887-86f6-4368bfd58c5f,18.564872710759477
mlapdv_on_surface_histo_s2s_i25_corr,83554851-7e47-4a79-82bb-9f37037c5e97,20ebc2b9-5b4c-42cd-8e4b-65ddb427b7ff,12.235897399453536
mlapdv_on_surface_histo_s2s_i25_corr,83554851-7e47-4a79-82bb-9f37037c5e97,74ffa405-3e23-47d9-972b-11bea1c3c2f6,29.14429295977931
mlapdv_on_surface_histo_s2s_i25_corr,83554851-7e47-4a79-82bb-9f37037c5e97,1322edbf-5c42-4b9a-aecd-7ddaf4f44387,27.581018667982107
mlapdv_on_surface_histo_s2s_i25_corr,83554851-7e47-4a79-82bb-9f37037c5e97,3c9290bd-f0a8-4b27-be6a-d987557edb95,24.33737243635611
mlapdv_on_surface_histo_s2s_i25_corr,e21b8705-4e69-407d-83b7-b8a2b4e6c27b,1bc8a5ff-fe9d-4921-a1db-b4c44f2cf7b9,9.503800126613585
mlapdv_on_surface_histo_s2s_i25_corr,e21b8705-4e69-407d-83b7-b8a2b4e6c27b,38bc2e7c-d160-4887-86f6-4368bfd58c5f,7.253497499906196
mlapdv_on_surface_histo_s2s_i25_corr,e21b8705-4e69-407d-83b7-b8a2b4e6c27b,20ebc2b9-5b4c-42cd-8e4b-65ddb427b7ff,6.125387870227226
mlapdv_on_surface_histo_s2s_i25_corr,e21b8705-4e69-407d-83b7-b8a2b4e6c27b,74ffa405-3e23-47d9-972b-11bea1c3c2f6,17.803675296901666
mlapdv_on_surface_histo_s2s_i25_corr,e21b8705-4e69-407d-83b7-b8a2b4e6c27b,1322edbf-5c42-4b9a-aecd-7ddaf4f44387,37.54989680447336
mlapdv_on_surface_histo_s2s_i25_corr,e21b8705-4e69-407d-83b7-b8a2b4e6c27b,3c9290bd-f0a8-4b27-be6a-d987557edb95,13.667089627527211
mlapdv_on_surface_histo_s2s_i25_corr,1bc8a5ff-fe9d-4921-a1db-b4c44f2cf7b9,38bc2e7c-d160-4887-86f6-4368bfd58c5f,4.775738039032019
mlapdv_on_surface_histo_s2s_i25_corr,1bc8a5ff-fe9d-4921-a1db-b4c44f2cf7b9,20ebc2b9-5b4c-42cd-8e4b-65ddb427b7ff,11.697864152634844
mlapdv_on_surface_histo_s2s_i25_corr,1bc8a5ff-fe9d-4921-a1db-b4c44f2cf7b9,74ffa405-3e23-47d9-972b-11bea1c3c2f6,12.749822722455788
mlapdv_on_surface_histo_s2s_i25_corr,1bc8a5ff-fe9d-4921-a1db-b4c44f2cf7b9,1322edbf-5c42-4b9a-aecd-7ddaf4f44387,44.95503880651202
mlapdv_on_surface_histo_s2s_i25_corr,1bc8a5ff-fe9d-4921-a1db-b4c44f2cf7b9,3c9290bd-f0a8-4b27-be6a-d987557edb95,10.111076116970583
mlapdv_on_surface_histo_s2s_i25_corr,38bc2e7c-d160-4887-86f6-4368bfd58c5f,20ebc2b9-5b4c-42cd-8e4b-65ddb427b7ff,8.994428007443656
mlapdv_on_surface_histo_s2s_i25_corr,38bc2e7c-d160-4887-86f6-4368bfd58c5f,74ffa405-3e23-47d9-972b-11bea1c3c2f6,12.593271030350236
mlapdv_on_surface_histo_s2s_i25_corr,38bc2e7c-d160-4887-86f6-4368bfd58c5f,1322edbf-5c42-4b9a-aecd-7ddaf4f44387,43.10395309207715
mlapdv_on_surface_histo_s2s_i25_corr,38bc2e7c-d160-4887-86f6-4368bfd58c5f,3c9290bd-f0a8-4b27-be6a-d987557edb95,9.148981175067359
mlapdv_on_surface_histo_s2s_i25_corr,20ebc2b9-5b4c-42cd-8e4b-65ddb427b7ff,74ffa405-3e23-47d9-972b-11bea1c3c2f6,18.693072114920643
mlapdv_on_surface_histo_s2s_i25_corr,20ebc2b9-5b4c-42cd-8e4b-65ddb427b7ff,1322edbf-5c42-4b9a-aecd-7ddaf4f44387,36.4799032318466
mlapdv_on_surface_histo_s2s_i25_corr,20ebc2b9-5b4c-42cd-8e4b-65ddb427b7ff,3c9290bd-f0a8-4b27-be6a-d987557edb95,14.492909290498245
mlapdv_on_surface_histo_s2s_i25_corr,74ffa405-3e23-47d9-972b-11bea1c3c2f6,1322edbf-5c42-4b9a-aecd-7ddaf4f44387,54.74073970121548
mlapdv_on_surface_histo_s2s_i25_corr,74ffa405-3e23-47d9-972b-11bea1c3c2f6,3c9290bd-f0a8-4b27-be6a-d987557edb95,6.162928242530733
mlapdv_on_surface_histo_s2s_i25_corr,1322edbf-5c42-4b9a-aecd-7ddaf4f44387,3c9290bd-f0a8-4b27-be6a-d987557edb95,50.124390672199745
mlapdv_histo_s2s_i25_corr,e6331946-b66c-443e-88d9-4b9c848bdbed,6e41f77f-0c61-477e-81ed-0f3150938d27,40.2681965832151
mlapdv_histo_s2s_i25_corr,e6331946-b66c-443e-88d9-4b9c848bdbed,092edbf8-b081-492a-baab-e2a2f22d7fa5,28.008034138039744
mlapdv_histo_s2s_i25_corr,e6331946-b66c-443e-88d9-4b9c848bdbed,403f9193-c956-451a-a9bd-b49a9265078d,56.68782228344708
mlapdv_histo_s2s_i25_corr,e6331946-b66c-443e-88d9-4b9c848bdbed,a52c46a2-93b9-4933-a595-a37b07472ffb,16.58085219861295
mlapdv_histo_s2s_i25_corr,e6331946-b66c-443e-88d9-4b9c848bdbed,b6695d55-9025-4da4-8d7b-17a09a035ea6,28.20403772919796
mlapdv_histo_s2s_i25_corr,e6331946-b66c-443e-88d9-4b9c848bdbed,6ee1cb8f-df61-431a-b6b3-11527926c028,42.752522073597405
mlapdv_histo_s2s_i25_corr,e6331946-b66c-443e-88d9-4b9c848bdbed,0ecfc758-f8ae-4c82-ad8b-cf4c50faa6fb,28.349131542631184
mlapdv_histo_s2s_i25_corr,e6331946-b66c-443e-88d9-4b9c848bdbed,1f44208f-d2e8-4c18-9312-e250c6b498ca,41.53982573806049
mlapdv_histo_s2s_i25_corr,e6331946-b66c-443e-88d9-4b9c848bdbed,83554851-7e47-4a79-82bb-9f37037c5e97,18.049214521384155
mlapdv_histo_s2s_i25_corr,e6331946-b66c-443e-88d9-4b9c848bdbed,e21b8705-4e69-407d-83b7-b8a2b4e6c27b,26.788480940354493
mlapdv_histo_s2s_i25_corr,e6331946-b66c-443e-88d9-4b9c848bdbed,1bc8a5ff-fe9d-4921-a1db-b4c44f2cf7b9,31.565008132607687
mlapdv_histo_s2s_i25_corr,e6331946-b66c-443e-88d9-4b9c848bdbed,38bc2e7c-d160-4887-86f6-4368bfd58c5f,28.588892927718057
mlapdv_histo_s2s_i25_corr,e6331946-b66c-443e-88d9-4b9c848bdbed,20ebc2b9-5b4c-42cd-8e4b-65ddb427b7ff,22.15860600383479
mlapdv_histo_s2s_i25_corr,e6331946-b66c-443e-88d9-4b9c848bdbed,74ffa405-3e23-47d9-972b-11bea1c3c2f6,35.74394073649335
mlapdv_histo_s2s_i25_corr,e6331946-b66c-443e-88d9-4b9c848bdbed,1322edbf-5c42-4b9a-aecd-7ddaf4f44387,29.91117991639761
mlapdv_histo_s2s_i25_corr,e6331946-b66c-443e-88d9-4b9c848bdbed,3c9290bd-f0a8-4b27-be6a-d987557edb95,32.60083522977719
mlapdv_histo_s2s_i25_corr,6e41f77f-0c61-477e-81ed-0f3150938d27,092edbf8-b081-492a-baab-e2a2f22d7fa5,62.248942720868826
mlapdv_histo_s2s_i25_corr,6e41f77f-0c61-477e-81ed-0f3150938d27,403f9193-c956-451a-a9bd-b49a9265078d,91.8963249888845
mlapdv_histo_s2s_i25_corr,6e41f77f-0c61-477e-81ed-0f3150938d27,a52c46a2-93b9-4933-a595-a37b07472ffb,46.25374725083014
mlapdv_histo_s2s_i25_corr,6e41f77f-0c61-477e-81ed-0f3150938d27,b6695d55-9025-4da4-8d7b-17a09a035ea6,53.32968259038734
mlapdv_histo_s2s_i25_corr,6e41f77f-0c61-477e-81ed-0f3150938d27,6ee1cb8f-df61-431a-b6b3-11527926c028,76.24116580330897
mlapdv_histo_s2s_i25_corr,6e41f77f-0c61-477e-81ed-0f3150938d27,0ecfc758-f8ae-4c82-ad8b-cf4c50faa6fb,30.986787100519948
mlapdv_histo_s2s_i25_corr,6e41f77f-0c61-477e-81ed-0f3150938d27,1f44208f-d2e8-4c18-9312-e250c6b498ca,60.91378971118952
mlapdv_histo_s2s_i25_corr,6e41f77f-0c61-477e-81ed-0f3150938d27,83554851-7e47-4a79-82bb-9f37037c5e97,47.34079455303948
mlapdv_histo_s2s_i25_corr,6e41f77f-0c61-477e-81ed-0f3150938d27,e21b8705-4e69-407d-83b7-b8a2b4e6c27b,50.04014430516207
mlapdv_histo_s2s_i25_corr,6e41f77f-0c61-477e-81ed-0f3150938d27,1bc8a5ff-fe9d-4921-a1db-b4c44f2cf7b9,44.46534008659559
mlapdv_histo_s2s_i25_corr,6e41f77f-0c61-477e-81ed-0f3150938d27,38bc2e7c-d160-4887-86f6-4368bfd58c5f,43.351701850282666
mlapdv_histo_s2s_i25_corr,6e41f77f-0c61-477e-81ed-0f3150938d27,20ebc2b9-5b4c-42cd-8e4b-65ddb427b7ff,41.4509005853639
mlapdv_histo_s2s_i25_corr,6e41f77f-0c61-477e-81ed-0f3150938d27,74ffa405-3e23-47d9-972b-11bea1c3c2f6,48.234106573967175
mlapdv_histo_s2s_i25_corr,6e41f77f-0c61-477e-81ed-0f3150938d27,1322edbf-5c42-4b9a-aecd-7ddaf4f44387,48.86528404162624
mlapdv_histo_s2s_i25_corr,6e41f77f-0c61-477e-81ed-0f3150938d27,3c9290bd-f0a8-4b27-be6a-d987557edb95,52.52095225220574
mlapdv_histo_s2s_i25_corr,092edbf8-b081-492a-baab-e2a2f22d7fa5,403f9193-c956-451a-a9bd-b49a9265078d,33.12134267622873
mlapdv_histo_s2s_i25_corr,092edbf8-b081-492a-baab-e2a2f22d7fa5,a52c46a2-93b9-4933-a595-a37b07472ffb,18.89614939522083
mlapdv_histo_s2s_i25_corr,092edbf8-b081-492a-baab-e2a2f22d7fa5,b6695d55-9025-4da4-8d7b-17a09a035ea6,31.260717378608508
mlapdv_histo_s2s_i25_corr,092edbf8-b081-492a-baab-e2a2f22d7fa5,6ee1cb8f-df61-431a-b6b3-11527926c028,20.69082400083936
mlapdv_histo_s2s_i25_corr,092edbf8-b081-492a-baab-e2a2f22d7fa5,0ecfc758-f8ae-4c82-ad8b-cf4c50faa6fb,47.47119551183619
mlapdv_histo_s2s_i25_corr,092edbf8-b081-492a-baab-e2a2f22d7fa5,1f44208f-d2e8-4c18-9312-e250c6b498ca,44.27747708026621
mlapdv_histo_s2s_i25_corr,092edbf8-b081-492a-baab-e2a2f22d7fa5,83554851-7e47-4a79-82bb-9f37037c5e97,21.262657665191387
mlapdv_histo_s2s_i25_corr,092edbf8-b081-492a-baab-e2a2f22d7fa5,e21b8705-4e69-407d-83b7-b8a2b4e6c27b,24.709357141739417
mlapdv_histo_s2s_i25_corr,092edbf8-b081-492a-baab-e2a2f22d7fa5,1bc8a5ff-fe9d-4921-a1db-b4c44f2cf7b9,35.621585166398404
mlapdv_histo_s2s_i25_corr,092edbf8-b081-492a-baab-e2a2f22d7fa5,38bc2e7c-d160-4887-86f6-4368bfd58c5f,33.556977629207125
mlapdv_histo_s2s_i25_corr,092edbf8-b081-492a-baab-e2a2f22d7fa5,20ebc2b9-5b4c-42cd-8e4b-65ddb427b7ff,29.488672287360494
mlapdv_histo_s2s_i25_corr,092edbf8-b081-492a-baab-e2a2f22d7fa5,74ffa405-3e23-47d9-972b-11bea1c3c2f6,38.89719959440817
mlapdv_histo_s2s_i25_corr,092edbf8-b081-492a-baab-e2a2f22d7fa5,1322edbf-5c42-4b9a-aecd-7ddaf4f44387,38.85976197198991
mlapdv_histo_s2s_i25_corr,092edbf8-b081-492a-baab-e2a2f22d7fa5,3c9290bd-f0a8-4b27-be6a-d987557edb95,30.39141681883228
mlapdv_histo_s2s_i25_corr,403f9193-c956-451a-a9bd-b49a9265078d,a52c46a2-93b9-4933-a595-a37b07472ffb,46.48245908817652
mlapdv_histo_s2s_i25_corr,403f9193-c956-451a-a9bd-b49a9265078d,b6695d55-9025-4da4-8d7b-17a09a035ea6,46.92070552720135
mlapdv_histo_s2s_i25_corr,403f9193-c956-451a-a9bd-b49a9265078d,6ee1cb8f-df61-431a-b6b3-11527926c028,24.981578401801855
mlapdv_histo_s2s_i25_corr,403f9193-c956-451a-a9bd-b49a9265078d,0ecfc758-f8ae-4c82-ad8b-cf4c50faa6fb,70.70494105832563
mlapdv_histo_s2s_i25_corr,403f9193-c956-451a-a9bd-b49a9265078d,1f44208f-d2e8-4c18-9312-e250c6b498ca,53.853487184270534
mlapdv_histo_s2s_i25_corr,403f9193-c956-451a-a9bd-b49a9265078d,83554851-7e47-4a79-82bb-9f37037c5e97,47.9094052077215
mlapdv_histo_s2s_i25_corr,403f9193-c956-451a-a9bd-b49a9265078d,e21b8705-4e69-407d-83b7-b8a2b4e6c27b,50.37491429681335
mlapdv_histo_s2s_i25_corr,403f9193-c956-451a-a9bd-b49a9265078d,1bc8a5ff-fe9d-4921-a1db-b4c44f2cf7b9,62.176273590273226
mlapdv_histo_s2s_i25_corr,403f9193-c956-451a-a9bd-b49a9265078d,38bc2e7c-d160-4887-86f6-4368bfd58c5f,60.780889331434615
mlapdv_histo_s2s_i25_corr,403f9193-c956-451a-a9bd-b49a9265078d,20ebc2b9-5b4c-42cd-8e4b-65ddb427b7ff,56.910688361364045
mlapdv_histo_s2s_i25_corr,403f9193-c956-451a-a9bd-b49a9265078d,74ffa405-3e23-47d9-972b-11bea1c3c2f6,65.68694988198538
mlapdv_histo_s2s_i25_corr,403f9193-c956-451a-a9bd-b49a9265078d,1322edbf-5c42-4b9a-aecd-7ddaf4f44387,55.06852715133786
mlapdv_histo_s2s_i25_corr,403f9193-c956-451a-a9bd-b49a9265078d,3c9290bd-f0a8-4b27-be6a-d987557edb95,56.74871888378003
mlapdv_histo_s2s_i25_corr,a52c46a2-93b9-4933-a595-a37b07472ffb,b6695d55-9025-4da4-8d7b-17a09a035ea6,21.4638171160901
mlapdv_histo_s2s_i25_corr,a52c46a2-93b9-4933-a595-a37b07472ffb,6ee1cb8f-df61-431a-b6b3-11527926c028,32.79543586412653
mlapdv_histo_s2s_i25_corr,a52c46a2-93b9-4933-a595-a37b07472ffb,0ecfc758-f8ae-4c82-ad8b-cf4c50faa6fb,31.12854794306152
mlapdv_histo_s2s_i25_corr,a52c46a2-93b9-4933-a595-a37b07472ffb,1f44208f-d2e8-4c18-9312-e250c6b498ca,36.7637529999329
mlapdv_histo_s2s_i25_corr,a52c46a2-93b9-4933-a595-a37b07472ffb,83554851-7e47-4a79-82bb-9f37037c5e97,11.31653620556243
mlapdv_histo_s2s_i25_corr,a52c46a2-93b9-4933-a595-a37b07472ffb,e21b8705-4e69-407d-83b7-b8a2b4e6c27b,17.512538890949404
mlapdv_histo_s2s_i25_corr,a52c46a2-93b9-4933-a595-a37b07472ffb,1bc8a5ff-fe9d-4921-a1db-b4c44f2cf7b9,26.47308999309767
mlapdv_histo_s2s_i25_corr,a52c46a2-93b9-4933-a595-a37b07472ffb,38bc2e7c-d160-4887-86f6-4368bfd58c5f,23.76009475160028
mlapdv_histo_s2s_i25_corr,a52c46a2-93b9-4933-a595-a37b07472ffb,20ebc2b9-5b4c-42cd-8e4b-65ddb427b7ff,17.225374039681316
mlapdv_histo_s2s_i25_corr,a52c46a2-93b9-4933-a595-a37b07472ffb,74ffa405-3e23-47d9-972b-11bea1c3c2f6,32.31854579402645
mlapdv_histo_s2s_i25_corr,a52c46a2-93b9-4933-a595-a37b07472ffb,1322edbf-5c42-4b9a-aecd-7ddaf4f44387,26.356543527541145
mlapdv_histo_s2s_i25_corr,a52c46a2-93b9-4933-a595-a37b07472ffb,3c9290bd-f0a8-4b27-be6a-d987557edb95,26.56886526411742
mlapdv_histo_s2s_i25_corr,b6695d55-9025-4da4-8d7b-17a09a035ea6,6ee1cb8f-df61-431a-b6b3-11527926c028,40.33578714740953
mlapdv_histo_s2s_i25_corr,b6695d55-9025-4da4-8d7b-17a09a035ea6,0ecfc758-f8ae-4c82-ad8b-cf4c50faa6fb,27.256428495815886
mlapdv_histo_s2s_i25_corr,b6695d55-9025-4da4-8d7b-17a09a035ea6,1f44208f-d2e8-4c18-9312-e250c6b498ca,18.0917700336995
mlapdv_histo_s2s_i25_corr,b6695d55-9025-4da4-8d7b-17a09a035ea6,83554851-7e47-4a79-82bb-9f37037c5e97,23.021861378845635
mlapdv_histo_s2s_i25_corr,b6695d55-9025-4da4-8d7b-17a09a035ea6,e21b8705-4e69-407d-83b7-b8a2b4e6c27b,33.04063714429728
mlapdv_histo_s2s_i25_corr,b6695d55-9025-4da4-8d7b-17a09a035ea6,1bc8a5ff-fe9d-4921-a1db-b4c44f2cf7b9,40.99520720469063
mlapdv_histo_s2s_i25_corr,b6695d55-9025-4da4-8d7b-17a09a035ea6,38bc2e7c-d160-4887-86f6-4368bfd58c5f,39.30858364810647
mlapdv_histo_s2s_i25_corr,b6695d55-9025-4da4-8d7b-17a09a035ea6,20ebc2b9-5b4c-42cd-8e4b-65ddb427b7ff,33.060514637117194
mlapdv_histo_s2s_i25_corr,b6695d55-9025-4da4-8d7b-17a09a035ea6,74ffa405-3e23-47d9-972b-11bea1c3c2f6,49.97481842445766
mlapdv_histo_s2s_i25_corr,b6695d55-9025-4da4-8d7b-17a09a035ea6,1322edbf-5c42-4b9a-aecd-7ddaf4f44387,11.239705393023492
mlapdv_histo_s2s_i25_corr,b6695d55-9025-4da4-8d7b-17a09a035ea6,3c9290bd-f0a8-4b27-be6a-d987557edb95,44.84832785892518
mlapdv_histo_s2s_i25_corr,6ee1cb8f-df61-431a-b6b3-11527926c028,0ecfc758-f8ae-4c82-ad8b-cf4c50faa6fb,59.50405894012976
mlapdv_histo_s2s_i25_corr,6ee1cb8f-df61-431a-b6b3-11527926c028,1f44208f-d2e8-4c18-9312-e250c6b498ca,51.5884002201749
mlapdv_histo_s2s_i25_corr,6ee1cb8f-df61-431a-b6b3-11527926c028,83554851-7e47-4a79-82bb-9f37037c5e97,31.550601790690287
mlapdv_histo_s2s_i25_corr,6ee1cb8f-df61-431a-b6b3-11527926c028,e21b8705-4e69-407d-83b7-b8a2b4e6c27b,29.713096960793912
mlapdv_histo_s2s_i25_corr,6ee1cb8f-df61-431a-b6b3-11527926c028,1bc8a5ff-fe9d-4921-a1db-b4c44f2cf7b9,40.90852433567244
mlapdv_histo_s2s_i25_corr,6ee1cb8f-df61-431a-b6b3-11527926c028,38bc2e7c-d160-4887-86f6-4368bfd58c5f,39.8470166454108
mlapdv_histo_s2s_i25_corr,6ee1cb8f-df61-431a-b6b3-11527926c028,20ebc2b9-5b4c-42cd-8e4b-65ddb427b7ff,37.68761146506178
mlapdv_histo_s2s_i25_corr,6ee1cb8f-df61-431a-b6b3-11527926c028,74ffa405-3e23-47d9-972b-11bea1c3c2f6,43.22548841566134
mlapdv_histo_s2s_i25_corr,6ee1cb8f-df61-431a-b6b3-11527926c028,1322edbf-5c42-4b9a-aecd-7ddaf4f44387,47.81282956429673
mlapdv_histo_s2s_i25_corr,6ee1cb8f-df61-431a-b6b3-11527926c028,3c9290bd-f0a8-4b27-be6a-d987557edb95,34.130390495772176
mlapdv_histo_s2s_i25_corr,0ecfc758-f8ae-4c82-ad8b-cf4c50faa6fb,1f44208f-d2e8-4c18-9312-e250c6b498ca,34.08304028179278
mlapdv_histo_s2s_i25_corr,0ecfc758-f8ae-4c82-ad8b-cf4c50faa6fb,83554851-7e47-4a79-82bb-9f37037c5e97,32.70074219596772
mlapdv_histo_s2s_i25_corr,0ecfc758-f8ae-4c82-ad8b-cf4c50faa6fb,e21b8705-4e69-407d-83b7-b8a2b4e6c27b,40.05061357319092
mlapdv_histo_s2s_i25_corr,0ecfc758-f8ae-4c82-ad8b-cf4c50faa6fb,1bc8a5ff-fe9d-4921-a1db-b4c44f2cf7b9,41.41392338050505
mlapdv_histo_s2s_i25_corr,0ecfc758-f8ae-4c82-ad8b-cf4c50faa6fb,38bc2e7c-d160-4887-86f6-4368bfd58c5f,39.646676800250866
mlapdv_histo_s2s_i25_corr,0ecfc758-f8ae-4c82-ad8b-cf4c50faa6fb,20ebc2b9-5b4c-42cd-8e4b-65ddb427b7ff,33.88384103777924
mlapdv_histo_s2s_i25_corr,0ecfc758-f8ae-4c82-ad8b-cf4c50faa6fb,74ffa405-3e23-47d9-972b-11bea1c3c2f6,49.53015015626795
mlapdv_histo_s2s_i25_corr,0ecfc758-f8ae-4c82-ad8b-cf4c50faa6fb,1322edbf-5c42-4b9a-aecd-7ddaf4f44387,20.74584168391502
mlapdv_histo_s2s_i25_corr,0ecfc758-f8ae-4c82-ad8b-cf4c50faa6fb,3c9290bd-f0a8-4b27-be6a-d987557edb95,49.11174878574588
mlapdv_histo_s2s_i25_corr,1f44208f-d2e8-4c18-9312-e250c6b498ca,83554851-7e47-4a79-82bb-9f37037c5e97,37.34500876947918
mlapdv_histo_s2s_i25_corr,1f44208f-d2e8-4c18-9312-e250c6b498ca,e21b8705-4e69-407d-83b7-b8a2b4e6c27b,46.37569650818132
mlapdv_histo_s2s_i25_corr,1f44208f-d2e8-4c18-9312-e250c6b498ca,1bc8a5ff-fe9d-4921-a1db-b4c44f2cf7b9,52.95509222407489
mlapdv_histo_s2s_i25_corr,1f44208f-d2e8-4c18-9312-e250c6b498ca,38bc2e7c-d160-4887-86f6-4368bfd58c5f,51.890872618719825
mlapdv_histo_s2s_i25_corr,1f44208f-d2e8-4c18-9312-e250c6b498ca,20ebc2b9-5b4c-42cd-8e4b-65ddb427b7ff,46.64147936118295
mlapdv_histo_s2s_i25_corr,1f44208f-d2e8-4c18-9312-e250c6b498ca,74ffa405-3e23-47d9-972b-11bea1c3c2f6,63.27114700319345
mlapdv_histo_s2s_i25_corr,1f44208f-d2e8-4c18-9312-e250c6b498ca,1322edbf-5c42-4b9a-aecd-7ddaf4f44387,16.856492132589867
mlapdv_histo_s2s_i25_corr,1f44208f-d2e8-4c18-9312-e250c6b498ca,3c9290bd-f0a8-4b27-be6a-d987557edb95,58.53660664771629
mlapdv_histo_s2s_i25_corr,83554851-7e47-4a79-82bb-9f37037c5e97,e21b8705-4e69-407d-83b7-b8a2b4e6c27b,14.703885844187656
mlapdv_histo_s2s_i25_corr,83554851-7e47-4a79-82bb-9f37037c5e97,1bc8a5ff-fe9d-4921-a1db-b4c44f2cf7b9,22.006201772789712
mlapdv_histo_s2s_i25_corr,83554851-7e47-4a79-82bb-9f37037c5e97,38bc2e7c-d160-4887-86f6-4368bfd58c5f,20.036022112643415
mlapdv_histo_s2s_i25_corr,83554851-7e47-4a79-82bb-9f37037c5e97,20ebc2b9-5b4c-42cd-8e4b-65ddb427b7ff,15.147934002257516
mlapdv_histo_s2s_i25_corr,83554851-7e47-4a79-82bb-9f37037c5e97,74ffa405-3e23-47d9-972b-11bea1c3c2f6,29.343382752245287
mlapdv_histo_s2s_i25_corr,83554851-7e47-4a79-82bb-9f37037c5e97,1322edbf-5c42-4b9a-aecd-7ddaf4f44387,28.055876067771074
mlapdv_histo_s2s_i25_corr,83554851-7e47-4a79-82bb-9f37037c5e97,3c9290bd-f0a8-4b27-be6a-d987557edb95,23.63228747794951
mlapdv_histo_s2s_i25_corr,e21b8705-4e69-407d-83b7-b8a2b4e6c27b,1bc8a5ff-fe9d-4921-a1db-b4c44f2cf7b9,12.959998599767909
mlapdv_histo_s2s_i25_corr,e21b8705-4e69-407d-83b7-b8a2b4e6c27b,38bc2e7c-d160-4887-86f6-4368bfd58c5f,11.44154607984785
mlapdv_histo_s2s_i25_corr,e21b8705-4e69-407d-83b7-b8a2b4e6c27b,20ebc2b9-5b4c-42cd-8e4b-65ddb427b7ff,10.6631240500499
mlapdv_histo_s2s_i25_corr,e21b8705-4e69-407d-83b7-b8a2b4e6c27b,74ffa405-3e23-47d9-972b-11bea1c3c2f6,19.43425038418574
mlapdv_histo_s2s_i25_corr,e21b8705-4e69-407d-83b7-b8a2b4e6c27b,1322edbf-5c42-4b9a-aecd-7ddaf4f44387,37.0353150653733
mlapdv_histo_s2s_i25_corr,e21b8705-4e69-407d-83b7-b8a2b4e6c27b,3c9290bd-f0a8-4b27-be6a-d987557edb95,13.433673631122353
mlapdv_histo_s2s_i25_corr,1bc8a5ff-fe9d-4921-a1db-b4c44f2cf7b9,38bc2e7c-d160-4887-86f6-4368bfd58c5f,4.847982734628432
mlapdv_histo_s2s_i25_corr,1bc8a5ff-fe9d-4921-a1db-b4c44f2cf7b9,20ebc2b9-5b4c-42cd-8e4b-65ddb427b7ff,11.480348526500155
mlapdv_histo_s2s_i25_corr,1bc8a5ff-fe9d-4921-a1db-b4c44f2cf7b9,74ffa405-3e23-47d9-972b-11bea1c3c2f6,12.614847120881334
mlapdv_histo_s2s_i25_corr,1bc8a5ff-fe9d-4921-a1db-b4c44f2cf7b9,1322edbf-5c42-4b9a-aecd-7ddaf4f44387,43.08109773082636
mlapdv_histo_s2s_i25_corr,1bc8a5ff-fe9d-4921-a1db-b4c44f2cf7b9,3c9290bd-f0a8-4b27-be6a-d987557edb95,13.231617338354413
mlapdv_histo_s2s_i25_corr,38bc2e7c-d160-4887-86f6-4368bfd58c5f,20ebc2b9-5b4c-42cd-8e4b-65ddb427b7ff,8.884503962089044
mlapdv_histo_s2s_i25_corr,38bc2e7c-d160-4887-86f6-4368bfd58c5f,74ffa405-3e23-47d9-972b-11bea1c3c2f6,12.441767941376357
mlapdv_histo_s2s_i25_corr,38bc2e7c-d160-4887-86f6-4368bfd58c5f,1322edbf-5c42-4b9a-aecd-7ddaf4f44387,41.37083415357381
mlapdv_histo_s2s_i25_corr,38bc2e7c-d160-4887-86f6-4368bfd58c5f,3c9290bd-f0a8-4b27-be6a-d987557edb95,12.51727090637345
mlapdv_histo_s2s_i25_corr,20ebc2b9-5b4c-42cd-8e4b-65ddb427b7ff,74ffa405-3e23-47d9-972b-11bea1c3c2f6,18.22015104976303
mlapdv_histo_s2s_i25_corr,20ebc2b9-5b4c-42cd-8e4b-65ddb427b7ff,1322edbf-5c42-4b9a-aecd-7ddaf4f44387,35.076903877417294
mlapdv_histo_s2s_i25_corr,20ebc2b9-5b4c-42cd-8e4b-65ddb427b7ff,3c9290bd-f0a8-4b27-be6a-d987557edb95,16.607781946907313
mlapdv_histo_s2s_i25_corr,74ffa405-3e23-47d9-972b-11bea1c3c2f6,1322edbf-5c42-4b9a-aecd-7ddaf4f44387,52.46343501490135
mlapdv_histo_s2s_i25_corr,74ffa405-3e23-47d9-972b-11bea1c3c2f6,3c9290bd-f0a8-4b27-be6a-d987557edb95,10.745562288057307
mlapdv_histo_s2s_i25_corr,1322edbf-5c42-4b9a-aecd-7ddaf4f44387,3c9290bd-f0a8-4b27-be6a-d987557edb95,48.85978504553528
mlapdv_on_surface_histo_s2s_i1_corr,e6331946-b66c-443e-88d9-4b9c848bdbed,6e41f77f-0c61-477e-81ed-0f3150938d27,22.377890035569354
mlapdv_on_surface_histo_s2s_i1_corr,e6331946-b66c-443e-88d9-4b9c848bdbed,092edbf8-b081-492a-baab-e2a2f22d7fa5,11.776748765392488
mlapdv_on_surface_histo_s2s_i1_corr,e6331946-b66c-443e-88d9-4b9c848bdbed,403f9193-c956-451a-a9bd-b49a9265078d,24.664819797566533
mlapdv_on_surface_histo_s2s_i1_corr,e6331946-b66c-443e-88d9-4b9c848bdbed,a52c46a2-93b9-4933-a595-a37b07472ffb,14.209099224949632
mlapdv_on_surface_histo_s2s_i1_corr,e6331946-b66c-443e-88d9-4b9c848bdbed,b6695d55-9025-4da4-8d7b-17a09a035ea6,27.82721126554752
mlapdv_on_surface_histo_s2s_i1_corr,e6331946-b66c-443e-88d9-4b9c848bdbed,6ee1cb8f-df61-431a-b6b3-11527926c028,26.985797785732917
mlapdv_on_surface_histo_s2s_i1_corr,e6331946-b66c-443e-88d9-4b9c848bdbed,0ecfc758-f8ae-4c82-ad8b-cf4c50faa6fb,23.425068216972598
mlapdv_on_surface_histo_s2s_i1_corr,e6331946-b66c-443e-88d9-4b9c848bdbed,1f44208f-d2e8-4c18-9312-e250c6b498ca,42.321986597684806
mlapdv_on_surface_histo_s2s_i1_corr,e6331946-b66c-443e-88d9-4b9c848bdbed,83554851-7e47-4a79-82bb-9f37037c5e97,16.3701679281686
mlapdv_on_surface_histo_s2s_i1_corr,e6331946-b66c-443e-88d9-4b9c848bdbed,e21b8705-4e69-407d-83b7-b8a2b4e6c27b,26.760638485987084
mlapdv_on_surface_histo_s2s_i1_corr,e6331946-b66c-443e-88d9-4b9c848bdbed,1bc8a5ff-fe9d-4921-a1db-b4c44f2cf7b9,33.40012534241377
mlapdv_on_surface_histo_s2s_i1_corr,e6331946-b66c-443e-88d9-4b9c848bdbed,38bc2e7c-d160-4887-86f6-4368bfd58c5f,30.281837003242668
mlapdv_on_surface_histo_s2s_i1_corr,e6331946-b66c-443e-88d9-4b9c848bdbed,20ebc2b9-5b4c-42cd-8e4b-65ddb427b7ff,23.475149619601595
mlapdv_on_surface_histo_s2s_i1_corr,e6331946-b66c-443e-88d9-4b9c848bdbed,74ffa405-3e23-47d9-972b-11bea1c3c2f6,37.95536312783255
mlapdv_on_surface_histo_s2s_i1_corr,e6331946-b66c-443e-88d9-4b9c848bdbed,1322edbf-5c42-4b9a-aecd-7ddaf4f44387,31.12503082320757
mlapdv_on_surface_histo_s2s_i1_corr,e6331946-b66c-443e-88d9-4b9c848bdbed,3c9290bd-f0a8-4b27-be6a-d987557edb95,33.19468265348903
mlapdv_on_surface_histo_s2s_i1_corr,6e41f77f-0c61-477e-81ed-0f3150938d27,092edbf8-b081-492a-baab-e2a2f22d7fa5,20.835434261085602
mlapdv_on_surface_histo_s2s_i1_corr,6e41f77f-0c61-477e-81ed-0f3150938d27,403f9193-c956-451a-a9bd-b49a9265078d,37.088773742644335
mlapdv_on_surface_histo_s2s_i1_corr,6e41f77f-0c61-477e-81ed-0f3150938d27,a52c46a2-93b9-4933-a595-a37b07472ffb,19.530350823413325
mlapdv_on_surface_histo_s2s_i1_corr,6e41f77f-0c61-477e-81ed-0f3150938d27,b6695d55-9025-4da4-8d7b-17a09a035ea6,33.74929414202896
mlapdv_on_surface_histo_s2s_i1_corr,6e41f77f-0c61-477e-81ed-0f3150938d27,6ee1cb8f-df61-431a-b6b3-11527926c028,35.06693606160235
mlapdv_on_surface_histo_s2s_i1_corr,6e41f77f-0c61-477e-81ed-0f3150938d27,0ecfc758-f8ae-4c82-ad8b-cf4c50faa6fb,26.882141132411334
mlapdv_on_surface_histo_s2s_i1_corr,6e41f77f-0c61-477e-81ed-0f3150938d27,1f44208f-d2e8-4c18-9312-e250c6b498ca,43.12873352365222
mlapdv_on_surface_histo_s2s_i1_corr,6e41f77f-0c61-477e-81ed-0f3150938d27,83554851-7e47-4a79-82bb-9f37037c5e97,21.296417054237114
mlapdv_on_surface_histo_s2s_i1_corr,6e41f77f-0c61-477e-81ed-0f3150938d27,e21b8705-4e69-407d-83b7-b8a2b4e6c27b,27.42234344424972
mlapdv_on_surface_histo_s2s_i1_corr,6e41f77f-0c61-477e-81ed-0f3150938d27,1bc8a5ff-fe9d-4921-a1db-b4c44f2cf7b9,29.400479474978365
mlapdv_on_surface_histo_s2s_i1_corr,6e41f77f-0c61-477e-81ed-0f3150938d27,38bc2e7c-d160-4887-86f6-4368bfd58c5f,27.627017417644414
mlapdv_on_surface_histo_s2s_i1_corr,6e41f77f-0c61-477e-81ed-0f3150938d27,20ebc2b9-5b4c-42cd-8e4b-65ddb427b7ff,24.128365301456753
mlapdv_on_surface_histo_s2s_i1_corr,6e41f77f-0c61-477e-81ed-0f3150938d27,74ffa405-3e23-47d9-972b-11bea1c3c2f6,35.514019656579066
mlapdv_on_surface_histo_s2s_i1_corr,6e41f77f-0c61-477e-81ed-0f3150938d27,1322edbf-5c42-4b9a-aecd-7ddaf4f44387,35.89367282821187
mlapdv_on_surface_histo_s2s_i1_corr,6e41f77f-0c61-477e-81ed-0f3150938d27,3c9290bd-f0a8-4b27-be6a-d987557edb95,31.645837418814374
mlapdv_on_surface_histo_s2s_i1_corr,092edbf8-b081-492a-baab-e2a2f22d7fa5,403f9193-c956-451a-a9bd-b49a9265078d,21.768150978655473
mlapdv_on_surface_histo_s2s_i1_corr,092edbf8-b081-492a-baab-e2a2f22d7fa5,a52c46a2-93b9-4933-a595-a37b07472ffb,8.224361367537147
mlapdv_on_surface_histo_s2s_i1_corr,092edbf8-b081-492a-baab-e2a2f22d7fa5,b6695d55-9025-4da4-8d7b-17a09a035ea6,27.431875441050046
mlapdv_on_surface_histo_s2s_i1_corr,092edbf8-b081-492a-baab-e2a2f22d7fa5,6ee1cb8f-df61-431a-b6b3-11527926c028,19.20650621894125
mlapdv_on_surface_histo_s2s_i1_corr,092edbf8-b081-492a-baab-e2a2f22d7fa5,0ecfc758-f8ae-4c82-ad8b-cf4c50faa6fb,23.11616220808337
mlapdv_on_surface_histo_s2s_i1_corr,092edbf8-b081-492a-baab-e2a2f22d7fa5,1f44208f-d2e8-4c18-9312-e250c6b498ca,42.52204467986703
mlapdv_on_surface_histo_s2s_i1_corr,092edbf8-b081-492a-baab-e2a2f22d7fa5,83554851-7e47-4a79-82bb-9f37037c5e97,12.608674060458766
mlapdv_on_surface_histo_s2s_i1_corr,092edbf8-b081-492a-baab-e2a2f22d7fa5,e21b8705-4e69-407d-83b7-b8a2b4e6c27b,18.470801813869336
mlapdv_on_surface_histo_s2s_i1_corr,092edbf8-b081-492a-baab-e2a2f22d7fa5,1bc8a5ff-fe9d-4921-a1db-b4c44f2cf7b9,25.992577765335405
mlapdv_on_surface_histo_s2s_i1_corr,092edbf8-b081-492a-baab-e2a2f22d7fa5,38bc2e7c-d160-4887-86f6-4368bfd58c5f,22.880163454119035
mlapdv_on_surface_histo_s2s_i1_corr,092edbf8-b081-492a-baab-e2a2f22d7fa5,20ebc2b9-5b4c-42cd-8e4b-65ddb427b7ff,15.603255921628508
mlapdv_on_surface_histo_s2s_i1_corr,092edbf8-b081-492a-baab-e2a2f22d7fa5,74ffa405-3e23-47d9-972b-11bea1c3c2f6,30.860037642514495
mlapdv_on_surface_histo_s2s_i1_corr,092edbf8-b081-492a-baab-e2a2f22d7fa5,1322edbf-5c42-4b9a-aecd-7ddaf4f44387,30.71099328875689
mlapdv_on_surface_histo_s2s_i1_corr,092edbf8-b081-492a-baab-e2a2f22d7fa5,3c9290bd-f0a8-4b27-be6a-d987557edb95,26.149852596279846
mlapdv_on_surface_histo_s2s_i1_corr,403f9193-c956-451a-a9bd-b49a9265078d,a52c46a2-93b9-4933-a595-a37b07472ffb,19.126870889388584
mlapdv_on_surface_histo_s2s_i1_corr,403f9193-c956-451a-a9bd-b49a9265078d,b6695d55-9025-4da4-8d7b-17a09a035ea6,21.09818812936998
mlapdv_on_surface_histo_s2s_i1_corr,403f9193-c956-451a-a9bd-b49a9265078d,6ee1cb8f-df61-431a-b6b3-11527926c028,19.15259598405095
mlapdv_on_surface_histo_s2s_i1_corr,403f9193-c956-451a-a9bd-b49a9265078d,0ecfc758-f8ae-4c82-ad8b-cf4c50faa6fb,21.832470069583746
mlapdv_on_surface_histo_s2s_i1_corr,403f9193-c956-451a-a9bd-b49a9265078d,1f44208f-d2e8-4c18-9312-e250c6b498ca,34.801633065111865
mlapdv_on_surface_histo_s2s_i1_corr,403f9193-c956-451a-a9bd-b49a9265078d,83554851-7e47-4a79-82bb-9f37037c5e97,22.928722011951695
mlapdv_on_surface_histo_s2s_i1_corr,403f9193-c956-451a-a9bd-b49a9265078d,e21b8705-4e69-407d-83b7-b8a2b4e6c27b,29.464190082597828
mlapdv_on_surface_histo_s2s_i1_corr,403f9193-c956-451a-a9bd-b49a9265078d,1bc8a5ff-fe9d-4921-a1db-b4c44f2cf7b9,38.11929877394617
mlapdv_on_surface_histo_s2s_i1_corr,403f9193-c956-451a-a9bd-b49a9265078d,38bc2e7c-d160-4887-86f6-4368bfd58c5f,35.663419043887984
mlapdv_on_surface_histo_s2s_i1_corr,403f9193-c956-451a-a9bd-b49a9265078d,20ebc2b9-5b4c-42cd-8e4b-65ddb427b7ff,27.788789448221774
mlapdv_on_surface_histo_s2s_i1_corr,403f9193-c956-451a-a9bd-b49a9265078d,74ffa405-3e23-47d9-972b-11bea1c3c2f6,44.27601306381293
mlapdv_on_surface_histo_s2s_i1_corr,403f9193-c956-451a-a9bd-b49a9265078d,1322edbf-5c42-4b9a-aecd-7ddaf4f44387,22.455590168586447
mlapdv_on_surface_histo_s2s_i1_corr,403f9193-c956-451a-a9bd-b49a9265078d,3c9290bd-f0a8-4b27-be6a-d987557edb95,40.128311659213125
mlapdv_on_surface_histo_s2s_i1_corr,a52c46a2-93b9-4933-a595-a37b07472ffb,b6695d55-9025-4da4-8d7b-17a09a035ea6,22.412393670986088
mlapdv_on_surface_histo_s2s_i1_corr,a52c46a2-93b9-4933-a595-a37b07472ffb,6ee1cb8f-df61-431a-b6b3-11527926c028,20.59010982120674
mlapdv_on_surface_histo_s2s_i1_corr,a52c46a2-93b9-4933-a595-a37b07472ffb,0ecfc758-f8ae-4c82-ad8b-cf4c50faa6fb,18.968990541426827
mlapdv_on_surface_histo_s2s_i1_corr,a52c46a2-93b9-4933-a595-a37b07472ffb,1f44208f-d2e8-4c18-9312-e250c6b498ca,38.389886545342655
mlapdv_on_surface_histo_s2s_i1_corr,a52c46a2-93b9-4933-a595-a37b07472ffb,83554851-7e47-4a79-82bb-9f37037c5e97,11.708945641624638
mlapdv_on_surface_histo_s2s_i1_corr,a52c46a2-93b9-4933-a595-a37b07472ffb,e21b8705-4e69-407d-83b7-b8a2b4e6c27b,18.359141682545047
mlapdv_on_surface_histo_s2s_i1_corr,a52c46a2-93b9-4933-a595-a37b07472ffb,1bc8a5ff-fe9d-4921-a1db-b4c44f2cf7b9,26.05561026563066
mlapdv_on_surface_histo_s2s_i1_corr,a52c46a2-93b9-4933-a595-a37b07472ffb,38bc2e7c-d160-4887-86f6-4368bfd58c5f,23.058171673907207
mlapdv_on_surface_histo_s2s_i1_corr,a52c46a2-93b9-4933-a595-a37b07472ffb,20ebc2b9-5b4c-42cd-8e4b-65ddb427b7ff,15.569426306692321
mlapdv_on_surface_histo_s2s_i1_corr,a52c46a2-93b9-4933-a595-a37b07472ffb,74ffa405-3e23-47d9-972b-11bea1c3c2f6,32.603761640434215
mlapdv_on_surface_histo_s2s_i1_corr,a52c46a2-93b9-4933-a595-a37b07472ffb,1322edbf-5c42-4b9a-aecd-7ddaf4f44387,25.925285112723188
mlapdv_on_surface_histo_s2s_i1_corr,a52c46a2-93b9-4933-a595-a37b07472ffb,3c9290bd-f0a8-4b27-be6a-d987557edb95,27.728976679847882
mlapdv_on_surface_histo_s2s_i1_corr,b6695d55-9025-4da4-8d7b-17a09a035ea6,6ee1cb8f-df61-431a-b6b3-11527926c028,32.26729979649035
mlapdv_on_surface_histo_s2s_i1_corr,b6695d55-9025-4da4-8d7b-17a09a035ea6,0ecfc758-f8ae-4c82-ad8b-cf4c50faa6fb,10.103621848744048
mlapdv_on_surface_histo_s2s_i1_corr,b6695d55-9025-4da4-8d7b-17a09a035ea6,1f44208f-d2e8-4c18-9312-e250c6b498ca,18.85862824389863
mlapdv_on_surface_histo_s2s_i1_corr,b6695d55-9025-4da4-8d7b-17a09a035ea6,83554851-7e47-4a79-82bb-9f37037c5e97,24.223347412202052
mlapdv_on_surface_histo_s2s_i1_corr,b6695d55-9025-4da4-8d7b-17a09a035ea6,e21b8705-4e69-407d-83b7-b8a2b4e6c27b,34.82753294684054
mlapdv_on_surface_histo_s2s_i1_corr,b6695d55-9025-4da4-8d7b-17a09a035ea6,1bc8a5ff-fe9d-4921-a1db-b4c44f2cf7b9,42.13426878879121
mlapdv_on_surface_histo_s2s_i1_corr,b6695d55-9025-4da4-8d7b-17a09a035ea6,38bc2e7c-d160-4887-86f6-4368bfd58c5f,40.31394717580164
mlapdv_on_surface_histo_s2s_i1_corr,b6695d55-9025-4da4-8d7b-17a09a035ea6,20ebc2b9-5b4c-42cd-8e4b-65ddb427b7ff,33.66546588440646
mlapdv_on_surface_histo_s2s_i1_corr,b6695d55-9025-4da4-8d7b-17a09a035ea6,74ffa405-3e23-47d9-972b-11bea1c3c2f6,51.6952332236972
mlapdv_on_surface_histo_s2s_i1_corr,b6695d55-9025-4da4-8d7b-17a09a035ea6,1322edbf-5c42-4b9a-aecd-7ddaf4f44387,7.037499390800183
mlapdv_on_surface_histo_s2s_i1_corr,b6695d55-9025-4da4-8d7b-17a09a035ea6,3c9290bd-f0a8-4b27-be6a-d987557edb95,47.04047886090363
mlapdv_on_surface_histo_s2s_i1_corr,6ee1cb8f-df61-431a-b6b3-11527926c028,0ecfc758-f8ae-4c82-ad8b-cf4c50faa6fb,31.313421284916366
mlapdv_on_surface_histo_s2s_i1_corr,6ee1cb8f-df61-431a-b6b3-11527926c028,1f44208f-d2e8-4c18-9312-e250c6b498ca,47.11313638041344
mlapdv_on_surface_histo_s2s_i1_corr,6ee1cb8f-df61-431a-b6b3-11527926c028,83554851-7e47-4a79-82bb-9f37037c5e97,18.344588980072487
mlapdv_on_surface_histo_s2s_i1_corr,6ee1cb8f-df61-431a-b6b3-11527926c028,e21b8705-4e69-407d-83b7-b8a2b4e6c27b,15.286393146993015
mlapdv_on_surface_histo_s2s_i1_corr,6ee1cb8f-df61-431a-b6b3-11527926c028,1bc8a5ff-fe9d-4921-a1db-b4c44f2cf7b9,23.231548675497137
mlapdv_on_surface_histo_s2s_i1_corr,6ee1cb8f-df61-431a-b6b3-11527926c028,38bc2e7c-d160-4887-86f6-4368bfd58c5f,20.939644581199847
mlapdv_on_surface_histo_s2s_i1_corr,6ee1cb8f-df61-431a-b6b3-11527926c028,20ebc2b9-5b4c-42cd-8e4b-65ddb427b7ff,16.04603972331157
mlapdv_on_surface_histo_s2s_i1_corr,6ee1cb8f-df61-431a-b6b3-11527926c028,74ffa405-3e23-47d9-972b-11bea1c3c2f6,27.648249281834623
mlapdv_on_surface_histo_s2s_i1_corr,6ee1cb8f-df61-431a-b6b3-11527926c028,1322edbf-5c42-4b9a-aecd-7ddaf4f44387,35.09490569273162
mlapdv_on_surface_histo_s2s_i1_corr,6ee1cb8f-df61-431a-b6b3-11527926c028,3c9290bd-f0a8-4b27-be6a-d987557edb95,23.271554540059952
mlapdv_on_surface_histo_s2s_i1_corr,0ecfc758-f8ae-4c82-ad8b-cf4c50faa6fb,1f44208f-d2e8-4c18-9312-e250c6b498ca,22.77004151636313
mlapdv_on_surface_histo_s2s_i1_corr,0ecfc758-f8ae-4c82-ad8b-cf4c50faa6fb,83554851-7e47-4a79-82bb-9f37037c5e97,21.154964414149752
mlapdv_on_surface_histo_s2s_i1_corr,0ecfc758-f8ae-4c82-ad8b-cf4c50faa6fb,e21b8705-4e69-407d-83b7-b8a2b4e6c27b,32.599905598611116
mlapdv_on_surface_histo_s2s_i1_corr,0ecfc758-f8ae-4c82-ad8b-cf4c50faa6fb,1bc8a5ff-fe9d-4921-a1db-b4c44f2cf7b9,39.62728620742448
mlapdv_on_surface_histo_s2s_i1_corr,0ecfc758-f8ae-4c82-ad8b-cf4c50faa6fb,38bc2e7c-d160-4887-86f6-4368bfd58c5f,37.63444502291348
mlapdv_on_surface_histo_s2s_i1_corr,0ecfc758-f8ae-4c82-ad8b-cf4c50faa6fb,20ebc2b9-5b4c-42cd-8e4b-65ddb427b7ff,30.961280342265784
mlapdv_on_surface_histo_s2s_i1_corr,0ecfc758-f8ae-4c82-ad8b-cf4c50faa6fb,74ffa405-3e23-47d9-972b-11bea1c3c2f6,48.83563058423689
mlapdv_on_surface_histo_s2s_i1_corr,0ecfc758-f8ae-4c82-ad8b-cf4c50faa6fb,1322edbf-5c42-4b9a-aecd-7ddaf4f44387,11.596001319041054
mlapdv_on_surface_histo_s2s_i1_corr,0ecfc758-f8ae-4c82-ad8b-cf4c50faa6fb,3c9290bd-f0a8-4b27-be6a-d987557edb95,44.02538228984153
mlapdv_on_surface_histo_s2s_i1_corr,1f44208f-d2e8-4c18-9312-e250c6b498ca,83554851-7e47-4a79-82bb-9f37037c5e97,39.10211821491921
mlapdv_on_surface_histo_s2s_i1_corr,1f44208f-d2e8-4c18-9312-e250c6b498ca,e21b8705-4e69-407d-83b7-b8a2b4e6c27b,48.81700180259235
mlapdv_on_surface_histo_s2s_i1_corr,1f44208f-d2e8-4c18-9312-e250c6b498ca,1bc8a5ff-fe9d-4921-a1db-b4c44f2cf7b9,54.946065673265885
mlapdv_on_surface_histo_s2s_i1_corr,1f44208f-d2e8-4c18-9312-e250c6b498ca,38bc2e7c-d160-4887-86f6-4368bfd58c5f,53.755964240155244
mlapdv_on_surface_histo_s2s_i1_corr,1f44208f-d2e8-4c18-9312-e250c6b498ca,20ebc2b9-5b4c-42cd-8e4b-65ddb427b7ff,48.18800917649402
mlapdv_on_surface_histo_s2s_i1_corr,1f44208f-d2e8-4c18-9312-e250c6b498ca,74ffa405-3e23-47d9-972b-11bea1c3c2f6,65.77162985466616
mlapdv_on_surface_histo_s2s_i1_corr,1f44208f-d2e8-4c18-9312-e250c6b498ca,1322edbf-5c42-4b9a-aecd-7ddaf4f44387,14.94310407075936
mlapdv_on_surface_histo_s2s_i1_corr,1f44208f-d2e8-4c18-9312-e250c6b498ca,3c9290bd-f0a8-4b27-be6a-d987557edb95,61.33094460981623
mlapdv_on_surface_histo_s2s_i1_corr,83554851-7e47-4a79-82bb-9f37037c5e97,e21b8705-4e69-407d-83b7-b8a2b4e6c27b,15.148281229029513
mlapdv_on_surface_histo_s2s_i1_corr,83554851-7e47-4a79-82bb-9f37037c5e97,1bc8a5ff-fe9d-4921-a1db-b4c44f2cf7b9,21.147581181414736
mlapdv_on_surface_histo_s2s_i1_corr,83554851-7e47-4a79-82bb-9f37037c5e97,38bc2e7c-d160-4887-86f6-4368bfd58c5f,18.819920329474982
mlapdv_on_surface_histo_s2s_i1_corr,83554851-7e47-4a79-82bb-9f37037c5e97,20ebc2b9-5b4c-42cd-8e4b-65ddb427b7ff,12.502009616990582
mlapdv_on_surface_histo_s2s_i1_corr,83554851-7e47-4a79-82bb-9f37037c5e97,74ffa405-3e23-47d9-972b-11bea1c3c2f6,29.512142505811383
mlapdv_on_surface_histo_s2s_i1_corr,83554851-7e47-4a79-82bb-9f37037c5e97,1322edbf-5c42-4b9a-aecd-7ddaf4f44387,28.081709328031522
mlapdv_on_surface_histo_s2s_i1_corr,83554851-7e47-4a79-82bb-9f37037c5e97,3c9290bd-f0a8-4b27-be6a-d987557edb95,24.708935747728336
mlapdv_on_surface_histo_s2s_i1_corr,e21b8705-4e69-407d-83b7-b8a2b4e6c27b,1bc8a5ff-fe9d-4921-a1db-b4c44f2cf7b9,9.626167786507873
mlapdv_on_surface_histo_s2s_i1_corr,e21b8705-4e69-407d-83b7-b8a2b4e6c27b,38bc2e7c-d160-4887-86f6-4368bfd58c5f,7.376143172013547
mlapdv_on_surface_histo_s2s_i1_corr,e21b8705-4e69-407d-83b7-b8a2b4e6c27b,20ebc2b9-5b4c-42cd-8e4b-65ddb427b7ff,6.301703954918517
mlapdv_on_surface_histo_s2s_i1_corr,e21b8705-4e69-407d-83b7-b8a2b4e6c27b,74ffa405-3e23-47d9-972b-11bea1c3c2f6,18.113869365580534
mlapdv_on_surface_histo_s2s_i1_corr,e21b8705-4e69-407d-83b7-b8a2b4e6c27b,1322edbf-5c42-4b9a-aecd-7ddaf4f44387,38.08226332656034
mlapdv_on_surface_histo_s2s_i1_corr,e21b8705-4e69-407d-83b7-b8a2b4e6c27b,3c9290bd-f0a8-4b27-be6a-d987557edb95,13.933265144892712
mlapdv_on_surface_histo_s2s_i1_corr,1bc8a5ff-fe9d-4921-a1db-b4c44f2cf7b9,38bc2e7c-d160-4887-86f6-4368bfd58c5f,4.8772298054810515
mlapdv_on_surface_histo_s2s_i1_corr,1bc8a5ff-fe9d-4921-a1db-b4c44f2cf7b9,20ebc2b9-5b4c-42cd-8e4b-65ddb427b7ff,11.884536046575564
mlapdv_on_surface_histo_s2s_i1_corr,1bc8a5ff-fe9d-4921-a1db-b4c44f2cf7b9,74ffa405-3e23-47d9-972b-11bea1c3c2f6,13.019492012076016
mlapdv_on_surface_histo_s2s_i1_corr,1bc8a5ff-fe9d-4921-a1db-b4c44f2cf7b9,1322edbf-5c42-4b9a-aecd-7ddaf4f44387,45.31942129704239
mlapdv_on_surface_histo_s2s_i1_corr,1bc8a5ff-fe9d-4921-a1db-b4c44f2cf7b9,3c9290bd-f0a8-4b27-be6a-d987557edb95,10.316719619648927
mlapdv_on_surface_histo_s2s_i1_corr,38bc2e7c-d160-4887-86f6-4368bfd58c5f,20ebc2b9-5b4c-42cd-8e4b-65ddb427b7ff,9.181376510251072
mlapdv_on_surface_histo_s2s_i1_corr,38bc2e7c-d160-4887-86f6-4368bfd58c5f,74ffa405-3e23-47d9-972b-11bea1c3c2f6,12.89585181249083
mlapdv_on_surface_histo_s2s_i1_corr,38bc2e7c-d160-4887-86f6-4368bfd58c5f,1322edbf-5c42-4b9a-aecd-7ddaf4f44387,43.518657941926165
mlapdv_on_surface_histo_s2s_i1_corr,38bc2e7c-d160-4887-86f6-4368bfd58c5f,3c9290bd-f0a8-4b27-be6a-d987557edb95,9.364211472899452
mlapdv_on_surface_histo_s2s_i1_corr,20ebc2b9-5b4c-42cd-8e4b-65ddb427b7ff,74ffa405-3e23-47d9-972b-11bea1c3c2f6,19.042131564043306
mlapdv_on_surface_histo_s2s_i1_corr,20ebc2b9-5b4c-42cd-8e4b-65ddb427b7ff,1322edbf-5c42-4b9a-aecd-7ddaf4f44387,37.01503555295342
mlapdv_on_surface_histo_s2s_i1_corr,20ebc2b9-5b4c-42cd-8e4b-65ddb427b7ff,3c9290bd-f0a8-4b27-be6a-d987557edb95,14.785541148375064
mlapdv_on_surface_histo_s2s_i1_corr,74ffa405-3e23-47d9-972b-11bea1c3c2f6,1322edbf-5c42-4b9a-aecd-7ddaf4f44387,55.07834087539529
mlapdv_on_surface_histo_s2s_i1_corr,74ffa405-3e23-47d9-972b-11bea1c3c2f6,3c9290bd-f0a8-4b27-be6a-d987557edb95,6.353921285388575
mlapdv_on_surface_histo_s2s_i1_corr,1322edbf-5c42-4b9a-aecd-7ddaf4f44387,3c9290bd-f0a8-4b27-be6a-d987557edb95,50.5039775864003
mlapdv_histo_s2s_i1_corr,e6331946-b66c-443e-88d9-4b9c848bdbed,6e41f77f-0c61-477e-81ed-0f3150938d27,40.60205564276649
mlapdv_histo_s2s_i1_corr,e6331946-b66c-443e-88d9-4b9c848bdbed,092edbf8-b081-492a-baab-e2a2f22d7fa5,28.28375143319062
mlapdv_histo_s2s_i1_corr,e6331946-b66c-443e-88d9-4b9c848bdbed,403f9193-c956-451a-a9bd-b49a9265078d,56.982388323520716
mlapdv_histo_s2s_i1_corr,e6331946-b66c-443e-88d9-4b9c848bdbed,a52c46a2-93b9-4933-a595-a37b07472ffb,16.931107210097238
mlapdv_histo_s2s_i1_corr,e6331946-b66c-443e-88d9-4b9c848bdbed,b6695d55-9025-4da4-8d7b-17a09a035ea6,28.55125718978476
mlapdv_histo_s2s_i1_corr,e6331946-b66c-443e-88d9-4b9c848bdbed,6ee1cb8f-df61-431a-b6b3-11527926c028,43.18757083397193
mlapdv_histo_s2s_i1_corr,e6331946-b66c-443e-88d9-4b9c848bdbed,0ecfc758-f8ae-4c82-ad8b-cf4c50faa6fb,28.770719171517396
mlapdv_histo_s2s_i1_corr,e6331946-b66c-443e-88d9-4b9c848bdbed,1f44208f-d2e8-4c18-9312-e250c6b498ca,42.0995104424872
mlapdv_histo_s2s_i1_corr,e6331946-b66c-443e-88d9-4b9c848bdbed,83554851-7e47-4a79-82bb-9f37037c5e97,18.582121231228793
mlapdv_histo_s2s_i1_corr,e6331946-b66c-443e-88d9-4b9c848bdbed,e21b8705-4e69-407d-83b7-b8a2b4e6c27b,27.378044048866506
mlapdv_histo_s2s_i1_corr,e6331946-b66c-443e-88d9-4b9c848bdbed,1bc8a5ff-fe9d-4921-a1db-b4c44f2cf7b9,32.02698272023785
mlapdv_histo_s2s_i1_corr,e6331946-b66c-443e-88d9-4b9c848bdbed,38bc2e7c-d160-4887-86f6-4368bfd58c5f,29.0955015312904
mlapdv_histo_s2s_i1_corr,e6331946-b66c-443e-88d9-4b9c848bdbed,20ebc2b9-5b4c-42cd-8e4b-65ddb427b7ff,22.60938695252383
mlapdv_histo_s2s_i1_corr,e6331946-b66c-443e-88d9-4b9c848bdbed,74ffa405-3e23-47d9-972b-11bea1c3c2f6,36.07874342375764
mlapdv_histo_s2s_i1_corr,e6331946-b66c-443e-88d9-4b9c848bdbed,1322edbf-5c42-4b9a-aecd-7ddaf4f44387,30.34154061276511
mlapdv_histo_s2s_i1_corr,e6331946-b66c-443e-88d9-4b9c848bdbed,3c9290bd-f0a8-4b27-be6a-d987557edb95,33.00476101910223
mlapdv_histo_s2s_i1_corr,6e41f77f-0c61-477e-81ed-0f3150938d27,092edbf8-b081-492a-baab-e2a2f22d7fa5,62.46250808484919
mlapdv_histo_s2s_i1_corr,6e41f77f-0c61-477e-81ed-0f3150938d27,403f9193-c956-451a-a9bd-b49a9265078d,92.16756099583937
mlapdv_histo_s2s_i1_corr,6e41f77f-0c61-477e-81ed-0f3150938d27,a52c46a2-93b9-4933-a595-a37b07472ffb,46.533409913155545
mlapdv_histo_s2s_i1_corr,6e41f77f-0c61-477e-81ed-0f3150938d27,b6695d55-9025-4da4-8d7b-17a09a035ea6,53.82889919588082
mlapdv_histo_s2s_i1_corr,6e41f77f-0c61-477e-81ed-0f3150938d27,6ee1cb8f-df61-431a-b6b3-11527926c028,76.42268849440812
mlapdv_histo_s2s_i1_corr,6e41f77f-0c61-477e-81ed-0f3150938d27,0ecfc758-f8ae-4c82-ad8b-cf4c50faa6fb,31.57932361503389
mlapdv_histo_s2s_i1_corr,6e41f77f-0c61-477e-81ed-0f3150938d27,1f44208f-d2e8-4c18-9312-e250c6b498ca,61.44206954867665
mlapdv_histo_s2s_i1_corr,6e41f77f-0c61-477e-81ed-0f3150938d27,83554851-7e47-4a79-82bb-9f37037c5e97,47.615911162292704
mlapdv_histo_s2s_i1_corr,6e41f77f-0c61-477e-81ed-0f3150938d27,e21b8705-4e69-407d-83b7-b8a2b4e6c27b,50.446622659431874
mlapdv_histo_s2s_i1_corr,6e41f77f-0c61-477e-81ed-0f3150938d27,1bc8a5ff-fe9d-4921-a1db-b4c44f2cf7b9,44.89447748155057
mlapdv_histo_s2s_i1_corr,6e41f77f-0c61-477e-81ed-0f3150938d27,38bc2e7c-d160-4887-86f6-4368bfd58c5f,43.789496167324586
mlapdv_histo_s2s_i1_corr,6e41f77f-0c61-477e-81ed-0f3150938d27,20ebc2b9-5b4c-42cd-8e4b-65ddb427b7ff,41.81345564714316
mlapdv_histo_s2s_i1_corr,6e41f77f-0c61-477e-81ed-0f3150938d27,74ffa405-3e23-47d9-972b-11bea1c3c2f6,48.5583656642301
mlapdv_histo_s2s_i1_corr,6e41f77f-0c61-477e-81ed-0f3150938d27,1322edbf-5c42-4b9a-aecd-7ddaf4f44387,49.426250304459934
mlapdv_histo_s2s_i1_corr,6e41f77f-0c61-477e-81ed-0f3150938d27,3c9290bd-f0a8-4b27-be6a-d987557edb95,52.81276469454758
mlapdv_histo_s2s_i1_corr,092edbf8-b081-492a-baab-e2a2f22d7fa5,403f9193-c956-451a-a9bd-b49a9265078d,33.493410557096546
mlapdv_histo_s2s_i1_corr,092edbf8-b081-492a-baab-e2a2f22d7fa5,a52c46a2-93b9-4933-a595-a37b07472ffb,19.069556129261464
mlapdv_histo_s2s_i1_corr,092edbf8-b081-492a-baab-e2a2f22d7fa5,b6695d55-9025-4da4-8d7b-17a09a035ea6,31.811194855065903
mlapdv_histo_s2s_i1_corr,092edbf8-b081-492a-baab-e2a2f22d7fa5,6ee1cb8f-df61-431a-b6b3-11527926c028,20.90210558363422
mlapdv_histo_s2s_i1_corr,092edbf8-b081-492a-baab-e2a2f22d7fa5,0ecfc758-f8ae-4c82-ad8b-cf4c50faa6fb,47.88914715207369
mlapdv_histo_s2s_i1_corr,092edbf8-b081-492a-baab-e2a2f22d7fa5,1f44208f-d2e8-4c18-9312-e250c6b498ca,44.86956793813645
mlapdv_histo_s2s_i1_corr,092edbf8-b081-492a-baab-e2a2f22d7fa5,83554851-7e47-4a79-82bb-9f37037c5e97,21.562293558838974
mlapdv_histo_s2s_i1_corr,092edbf8-b081-492a-baab-e2a2f22d7fa5,e21b8705-4e69-407d-83b7-b8a2b4e6c27b,25.093244134332473
mlapdv_histo_s2s_i1_corr,092edbf8-b081-492a-baab-e2a2f22d7fa5,1bc8a5ff-fe9d-4921-a1db-b4c44f2cf7b9,36.047377331459906
mlapdv_histo_s2s_i1_corr,092edbf8-b081-492a-baab-e2a2f22d7fa5,38bc2e7c-d160-4887-86f6-4368bfd58c5f,33.95915441807872
mlapdv_histo_s2s_i1_corr,092edbf8-b081-492a-baab-e2a2f22d7fa5,20ebc2b9-5b4c-42cd-8e4b-65ddb427b7ff,29.7677190938954
mlapdv_histo_s2s_i1_corr,092edbf8-b081-492a-baab-e2a2f22d7fa5,74ffa405-3e23-47d9-972b-11bea1c3c2f6,39.23055524970982
mlapdv_histo_s2s_i1_corr,092edbf8-b081-492a-baab-e2a2f22d7fa5,1322edbf-5c42-4b9a-aecd-7ddaf4f44387,39.436542233963365
mlapdv_histo_s2s_i1_corr,092edbf8-b081-492a-baab-e2a2f22d7fa5,3c9290bd-f0a8-4b27-be6a-d987557edb95,30.6836323612532
mlapdv_histo_s2s_i1_corr,403f9193-c956-451a-a9bd-b49a9265078d,a52c46a2-93b9-4933-a595-a37b07472ffb,46.7265972908591
mlapdv_histo_s2s_i1_corr,403f9193-c956-451a-a9bd-b49a9265078d,b6695d55-9025-4da4-8d7b-17a09a035ea6,47.23422243346048
mlapdv_histo_s2s_i1_corr,403f9193-c956-451a-a9bd-b49a9265078d,6ee1cb8f-df61-431a-b6b3-11527926c028,25.363406759306915
mlapdv_histo_s2s_i1_corr,403f9193-c956-451a-a9bd-b49a9265078d,0ecfc758-f8ae-4c82-ad8b-cf4c50faa6fb,70.93309589317403
mlapdv_histo_s2s_i1_corr,403f9193-c956-451a-a9bd-b49a9265078d,1f44208f-d2e8-4c18-9312-e250c6b498ca,54.376894438409316
mlapdv_histo_s2s_i1_corr,403f9193-c956-451a-a9bd-b49a9265078d,83554851-7e47-4a79-82bb-9f37037c5e97,48.24285975833522
mlapdv_histo_s2s_i1_corr,403f9193-c956-451a-a9bd-b49a9265078d,e21b8705-4e69-407d-83b7-b8a2b4e6c27b,50.8390630039313
mlapdv_histo_s2s_i1_corr,403f9193-c956-451a-a9bd-b49a9265078d,1bc8a5ff-fe9d-4921-a1db-b4c44f2cf7b9,62.600665157302736
mlapdv_histo_s2s_i1_corr,403f9193-c956-451a-a9bd-b49a9265078d,38bc2e7c-d160-4887-86f6-4368bfd58c5f,61.199862376695094
mlapdv_histo_s2s_i1_corr,403f9193-c956-451a-a9bd-b49a9265078d,20ebc2b9-5b4c-42cd-8e4b-65ddb427b7ff,57.29074526759065
mlapdv_histo_s2s_i1_corr,403f9193-c956-451a-a9bd-b49a9265078d,74ffa405-3e23-47d9-972b-11bea1c3c2f6,66.07616667439119
mlapdv_histo_s2s_i1_corr,403f9193-c956-451a-a9bd-b49a9265078d,1322edbf-5c42-4b9a-aecd-7ddaf4f44387,55.37648491610588
mlapdv_histo_s2s_i1_corr,403f9193-c956-451a-a9bd-b49a9265078d,3c9290bd-f0a8-4b27-be6a-d987557edb95,57.19136708696563
mlapdv_histo_s2s_i1_corr,a52c46a2-93b9-4933-a595-a37b07472ffb,b6695d55-9025-4da4-8d7b-17a09a035ea6,21.86289879710178
mlapdv_histo_s2s_i1_corr,a52c46a2-93b9-4933-a595-a37b07472ffb,6ee1cb8f-df61-431a-b6b3-11527926c028,33.0376487644117
mlapdv_histo_s2s_i1_corr,a52c46a2-93b9-4933-a595-a37b07472ffb,0ecfc758-f8ae-4c82-ad8b-cf4c50faa6fb,31.54045078828041
mlapdv_histo_s2s_i1_corr,a52c46a2-93b9-4933-a595-a37b07472ffb,1f44208f-d2e8-4c18-9312-e250c6b498ca,37.23870400930616
mlapdv_histo_s2s_i1_corr,a52c46a2-93b9-4933-a595-a37b07472ffb,83554851-7e47-4a79-82bb-9f37037c5e97,11.653354969329294
mlapdv_histo_s2s_i1_corr,a52c46a2-93b9-4933-a595-a37b07472ffb,e21b8705-4e69-407d-83b7-b8a2b4e6c27b,17.88582844647956
mlapdv_histo_s2s_i1_corr,a52c46a2-93b9-4933-a595-a37b07472ffb,1bc8a5ff-fe9d-4921-a1db-b4c44f2cf7b9,26.816651614725725
mlapdv_histo_s2s_i1_corr,a52c46a2-93b9-4933-a595-a37b07472ffb,38bc2e7c-d160-4887-86f6-4368bfd58c5f,24.13670299997752
mlapdv_histo_s2s_i1_corr,a52c46a2-93b9-4933-a595-a37b07472ffb,20ebc2b9-5b4c-42cd-8e4b-65ddb427b7ff,17.608107908506852
mlapdv_histo_s2s_i1_corr,a52c46a2-93b9-4933-a595-a37b07472ffb,74ffa405-3e23-47d9-972b-11bea1c3c2f6,32.59681146473774
mlapdv_histo_s2s_i1_corr,a52c46a2-93b9-4933-a595-a37b07472ffb,1322edbf-5c42-4b9a-aecd-7ddaf4f44387,26.838988377986457
mlapdv_histo_s2s_i1_corr,a52c46a2-93b9-4933-a595-a37b07472ffb,3c9290bd-f0a8-4b27-be6a-d987557edb95,26.786143138089155
mlapdv_histo_s2s_i1_corr,b6695d55-9025-4da4-8d7b-17a09a035ea6,6ee1cb8f-df61-431a-b6b3-11527926c028,40.6673633484255
mlapdv_histo_s2s_i1_corr,b6695d55-9025-4da4-8d7b-17a09a035ea6,0ecfc758-f8ae-4c82-ad8b-cf4c50faa6fb,27.464885480380374
mlapdv_histo_s2s_i1_corr,b6695d55-9025-4da4-8d7b-17a09a035ea6,1f44208f-d2e8-4c18-9312-e250c6b498ca,18.54697287334208
mlapdv_histo_s2s_i1_corr,b6695d55-9025-4da4-8d7b-17a09a035ea6,83554851-7e47-4a79-82bb-9f37037c5e97,23.53236507507575
mlapdv_histo_s2s_i1_corr,b6695d55-9025-4da4-8d7b-17a09a035ea6,e21b8705-4e69-407d-83b7-b8a2b4e6c27b,33.46859795902011
mlapdv_histo_s2s_i1_corr,b6695d55-9025-4da4-8d7b-17a09a035ea6,1bc8a5ff-fe9d-4921-a1db-b4c44f2cf7b9,41.28070246306325
mlapdv_histo_s2s_i1_corr,b6695d55-9025-4da4-8d7b-17a09a035ea6,38bc2e7c-d160-4887-86f6-4368bfd58c5f,39.656672104325615
mlapdv_histo_s2s_i1_corr,b6695d55-9025-4da4-8d7b-17a09a035ea6,20ebc2b9-5b4c-42cd-8e4b-65ddb427b7ff,33.48057555050671
mlapdv_histo_s2s_i1_corr,b6695d55-9025-4da4-8d7b-17a09a035ea6,74ffa405-3e23-47d9-972b-11bea1c3c2f6,50.140600848034964
mlapdv_histo_s2s_i1_corr,b6695d55-9025-4da4-8d7b-17a09a035ea6,1322edbf-5c42-4b9a-aecd-7ddaf4f44387,11.420847986899856
mlapdv_histo_s2s_i1_corr,b6695d55-9025-4da4-8d7b-17a09a035ea6,3c9290bd-f0a8-4b27-be6a-d987557edb95,45.08004126545633
mlapdv_histo_s2s_i1_corr,6ee1cb8f-df61-431a-b6b3-11527926c028,0ecfc758-f8ae-4c82-ad8b-cf4c50faa6fb,59.803925416923896
mlapdv_histo_s2s_i1_corr,6ee1cb8f-df61-431a-b6b3-11527926c028,1f44208f-d2e8-4c18-9312-e250c6b498ca,52.068235575105014
mlapdv_histo_s2s_i1_corr,6ee1cb8f-df61-431a-b6b3-11527926c028,83554851-7e47-4a79-82bb-9f37037c5e97,31.76619123850585
mlapdv_histo_s2s_i1_corr,6ee1cb8f-df61-431a-b6b3-11527926c028,e21b8705-4e69-407d-83b7-b8a2b4e6c27b,29.9448867953218
mlapdv_histo_s2s_i1_corr,6ee1cb8f-df61-431a-b6b3-11527926c028,1bc8a5ff-fe9d-4921-a1db-b4c44f2cf7b9,41.22510783800964
mlapdv_histo_s2s_i1_corr,6ee1cb8f-df61-431a-b6b3-11527926c028,38bc2e7c-d160-4887-86f6-4368bfd58c5f,40.10554072158811
mlapdv_histo_s2s_i1_corr,6ee1cb8f-df61-431a-b6b3-11527926c028,20ebc2b9-5b4c-42cd-8e4b-65ddb427b7ff,37.862692964924946
mlapdv_histo_s2s_i1_corr,6ee1cb8f-df61-431a-b6b3-11527926c028,74ffa405-3e23-47d9-972b-11bea1c3c2f6,43.577460112288456
mlapdv_histo_s2s_i1_corr,6ee1cb8f-df61-431a-b6b3-11527926c028,1322edbf-5c42-4b9a-aecd-7ddaf4f44387,48.22405186893299
mlapdv_histo_s2s_i1_corr,6ee1cb8f-df61-431a-b6b3-11527926c028,3c9290bd-f0a8-4b27-be6a-d987557edb95,34.46422313314491
mlapdv_histo_s2s_i1_corr,0ecfc758-f8ae-4c82-ad8b-cf4c50faa6fb,1f44208f-d2e8-4c18-9312-e250c6b498ca,34.519729113806534
mlapdv_histo_s2s_i1_corr,0ecfc758-f8ae-4c82-ad8b-cf4c50faa6fb,83554851-7e47-4a79-82bb-9f37037c5e97,33.142201379335056
mlapdv_histo_s2s_i1_corr,0ecfc758-f8ae-4c82-ad8b-cf4c50faa6fb,e21b8705-4e69-407d-83b7-b8a2b4e6c27b,40.581514792323155
mlapdv_histo_s2s_i1_corr,0ecfc758-f8ae-4c82-ad8b-cf4c50faa6fb,1bc8a5ff-fe9d-4921-a1db-b4c44f2cf7b9,41.81186998192877
mlapdv_histo_s2s_i1_corr,0ecfc758-f8ae-4c82-ad8b-cf4c50faa6fb,38bc2e7c-d160-4887-86f6-4368bfd58c5f,40.09787737480987
mlapdv_histo_s2s_i1_corr,0ecfc758-f8ae-4c82-ad8b-cf4c50faa6fb,20ebc2b9-5b4c-42cd-8e4b-65ddb427b7ff,34.382406822600686
mlapdv_histo_s2s_i1_corr,0ecfc758-f8ae-4c82-ad8b-cf4c50faa6fb,74ffa405-3e23-47d9-972b-11bea1c3c2f6,49.82524959563544
mlapdv_histo_s2s_i1_corr,0ecfc758-f8ae-4c82-ad8b-cf4c50faa6fb,1322edbf-5c42-4b9a-aecd-7ddaf4f44387,20.986151248033096
mlapdv_histo_s2s_i1_corr,0ecfc758-f8ae-4c82-ad8b-cf4c50faa6fb,3c9290bd-f0a8-4b27-be6a-d987557edb95,49.469639966462346
mlapdv_histo_s2s_i1_corr,1f44208f-d2e8-4c18-9312-e250c6b498ca,83554851-7e47-4a79-82bb-9f37037c5e97,37.8177769939936
mlapdv_histo_s2s_i1_corr,1f44208f-d2e8-4c18-9312-e250c6b498ca,e21b8705-4e69-407d-83b7-b8a2b4e6c27b,46.94918787747358
mlapdv_histo_s2s_i1_corr,1f44208f-d2e8-4c18-9312-e250c6b498ca,1bc8a5ff-fe9d-4921-a1db-b4c44f2cf7b9,53.41493555813145
mlapdv_histo_s2s_i1_corr,1f44208f-d2e8-4c18-9312-e250c6b498ca,38bc2e7c-d160-4887-86f6-4368bfd58c5f,52.39317328497613
mlapdv_histo_s2s_i1_corr,1f44208f-d2e8-4c18-9312-e250c6b498ca,20ebc2b9-5b4c-42cd-8e4b-65ddb427b7ff,47.15266727518259
mlapdv_histo_s2s_i1_corr,1f44208f-d2e8-4c18-9312-e250c6b498ca,74ffa405-3e23-47d9-972b-11bea1c3c2f6,63.64880814873621
mlapdv_histo_s2s_i1_corr,1f44208f-d2e8-4c18-9312-e250c6b498ca,1322edbf-5c42-4b9a-aecd-7ddaf4f44387,17.2172997988661
mlapdv_histo_s2s_i1_corr,1f44208f-d2e8-4c18-9312-e250c6b498ca,3c9290bd-f0a8-4b27-be6a-d987557edb95,58.91052312744537
mlapdv_histo_s2s_i1_corr,83554851-7e47-4a79-82bb-9f37037c5e97,e21b8705-4e69-407d-83b7-b8a2b4e6c27b,15.00056279927004
mlapdv_histo_s2s_i1_corr,83554851-7e47-4a79-82bb-9f37037c5e97,1bc8a5ff-fe9d-4921-a1db-b4c44f2cf7b9,22.378112007814593
mlapdv_histo_s2s_i1_corr,83554851-7e47-4a79-82bb-9f37037c5e97,38bc2e7c-d160-4887-86f6-4368bfd58c5f,20.389705756425037
mlapdv_histo_s2s_i1_corr,83554851-7e47-4a79-82bb-9f37037c5e97,20ebc2b9-5b4c-42cd-8e4b-65ddb427b7ff,15.39985738004757
mlapdv_histo_s2s_i1_corr,83554851-7e47-4a79-82bb-9f37037c5e97,74ffa405-3e23-47d9-972b-11bea1c3c2f6,29.749892709267783
mlapdv_histo_s2s_i1_corr,83554851-7e47-4a79-82bb-9f37037c5e97,1322edbf-5c42-4b9a-aecd-7ddaf4f44387,28.57383111578686
mlapdv_histo_s2s_i1_corr,83554851-7e47-4a79-82bb-9f37037c5e97,3c9290bd-f0a8-4b27-be6a-d987557edb95,24.000093054028955
mlapdv_histo_s2s_i1_corr,e21b8705-4e69-407d-83b7-b8a2b4e6c27b,1bc8a5ff-fe9d-4921-a1db-b4c44f2cf7b9,13.142858754364159
mlapdv_histo_s2s_i1_corr,e21b8705-4e69-407d-83b7-b8a2b4e6c27b,38bc2e7c-d160-4887-86f6-4368bfd58c5f,11.57969991061664
mlapdv_histo_s2s_i1_corr,e21b8705-4e69-407d-83b7-b8a2b4e6c27b,20ebc2b9-5b4c-42cd-8e4b-65ddb427b7ff,10.840038239187987
mlapdv_histo_s2s_i1_corr,e21b8705-4e69-407d-83b7-b8a2b4e6c27b,74ffa405-3e23-47d9-972b-11bea1c3c2f6,19.75386405780163
mlapdv_histo_s2s_i1_corr,e21b8705-4e69-407d-83b7-b8a2b4e6c27b,1322edbf-5c42-4b9a-aecd-7ddaf4f44387,37.59677165967998
mlapdv_histo_s2s_i1_corr,e21b8705-4e69-407d-83b7-b8a2b4e6c27b,3c9290bd-f0a8-4b27-be6a-d987557edb95,13.710701996562264
mlapdv_histo_s2s_i1_corr,1bc8a5ff-fe9d-4921-a1db-b4c44f2cf7b9,38bc2e7c-d160-4887-86f6-4368bfd58c5f,4.8894859364962535
mlapdv_histo_s2s_i1_corr,1bc8a5ff-fe9d-4921-a1db-b4c44f2cf7b9,20ebc2b9-5b4c-42cd-8e4b-65ddb427b7ff,11.662098133135604
mlapdv_histo_s2s_i1_corr,1bc8a5ff-fe9d-4921-a1db-b4c44f2cf7b9,74ffa405-3e23-47d9-972b-11bea1c3c2f6,12.847098245209223
mlapdv_histo_s2s_i1_corr,1bc8a5ff-fe9d-4921-a1db-b4c44f2cf7b9,1322edbf-5c42-4b9a-aecd-7ddaf4f44387,43.46029574051537
mlapdv_histo_s2s_i1_corr,1bc8a5ff-fe9d-4921-a1db-b4c44f2cf7b9,3c9290bd-f0a8-4b27-be6a-d987557edb95,13.429657612801066
mlapdv_histo_s2s_i1_corr,38bc2e7c-d160-4887-86f6-4368bfd58c5f,20ebc2b9-5b4c-42cd-8e4b-65ddb427b7ff,9.103412877601132
mlapdv_histo_s2s_i1_corr,38bc2e7c-d160-4887-86f6-4368bfd58c5f,74ffa405-3e23-47d9-972b-11bea1c3c2f6,12.685044256646801
mlapdv_histo_s2s_i1_corr,38bc2e7c-d160-4887-86f6-4368bfd58c5f,1322edbf-5c42-4b9a-aecd-7ddaf4f44387,41.83006509632716
mlapdv_histo_s2s_i1_corr,38bc2e7c-d160-4887-86f6-4368bfd58c5f,3c9290bd-f0a8-4b27-be6a-d987557edb95,12.707095311550978
mlapdv_histo_s2s_i1_corr,20ebc2b9-5b4c-42cd-8e4b-65ddb427b7ff,74ffa405-3e23-47d9-972b-11bea1c3c2f6,18.563784915567346
mlapdv_histo_s2s_i1_corr,20ebc2b9-5b4c-42cd-8e4b-65ddb427b7ff,1322edbf-5c42-4b9a-aecd-7ddaf4f44387,35.59275972429896
mlapdv_histo_s2s_i1_corr,20ebc2b9-5b4c-42cd-8e4b-65ddb427b7ff,3c9290bd-f0a8-4b27-be6a-d987557edb95,16.945683232727646
mlapdv_histo_s2s_i1_corr,74ffa405-3e23-47d9-972b-11bea1c3c2f6,1322edbf-5c42-4b9a-aecd-7ddaf4f44387,52.73089170391106
mlapdv_histo_s2s_i1_corr,74ffa405-3e23-47d9-972b-11bea1c3c2f6,3c9290bd-f0a8-4b27-be6a-d987557edb95,10.954055445656804
mlapdv_histo_s2s_i1_corr,1322edbf-5c42-4b9a-aecd-7ddaf4f44387,3c9290bd-f0a8-4b27-be6a-d987557edb95,49.203506454164085
mlapdv_on_surface_histo_s2s_i25_apxy_corr,e6331946-b66c-443e-88d9-4b9c848bdbed,6e41f77f-0c61-477e-81ed-0f3150938d27,22.657780489248957
mlapdv_on_surface_histo_s2s_i25_apxy_corr,e6331946-b66c-443e-88d9-4b9c848bdbed,092edbf8-b081-492a-baab-e2a2f22d7fa5,11.097950421729108
mlapdv_on_surface_histo_s2s_i25_apxy_corr,e6331946-b66c-443e-88d9-4b9c848bdbed,403f9193-c956-451a-a9bd-b49a9265078d,23.997870647905266
mlapdv_on_surface_histo_s2s_i25_apxy_corr,e6331946-b66c-443e-88d9-4b9c848bdbed,a52c46a2-93b9-4933-a595-a37b07472ffb,14.993037036103201
mlapdv_on_surface_histo_s2s_i25_apxy_corr,e6331946-b66c-443e-88d9-4b9c848bdbed,b6695d55-9025-4da4-8d7b-17a09a035ea6,27.10637030167487
mlapdv_on_surface_histo_s2s_i25_apxy_corr,e6331946-b66c-443e-88d9-4b9c848bdbed,6ee1cb8f-df61-431a-b6b3-11527926c028,27.10691566055319
mlapdv_on_surface_histo_s2s_i25_apxy_corr,e6331946-b66c-443e-88d9-4b9c848bdbed,0ecfc758-f8ae-4c82-ad8b-cf4c50faa6fb,22.998726148697106
mlapdv_on_surface_histo_s2s_i25_apxy_corr,e6331946-b66c-443e-88d9-4b9c848bdbed,1f44208f-d2e8-4c18-9312-e250c6b498ca,41.46031940967652
mlapdv_on_surface_histo_s2s_i25_apxy_corr,e6331946-b66c-443e-88d9-4b9c848bdbed,83554851-7e47-4a79-82bb-9f37037c5e97,16.49188099886687
mlapdv_on_surface_histo_s2s_i25_apxy_corr,e6331946-b66c-443e-88d9-4b9c848bdbed,e21b8705-4e69-407d-83b7-b8a2b4e6c27b,27.17079199982508
mlapdv_on_surface_histo_s2s_i25_apxy_corr,e6331946-b66c-443e-88d9-4b9c848bdbed,1bc8a5ff-fe9d-4921-a1db-b4c44f2cf7b9,30.780917027576837
mlapdv_on_surface_histo_s2s_i25_apxy_corr,e6331946-b66c-443e-88d9-4b9c848bdbed,38bc2e7c-d160-4887-86f6-4368bfd58c5f,28.316746155884164
mlapdv_on_surface_histo_s2s_i25_apxy_corr,e6331946-b66c-443e-88d9-4b9c848bdbed,20ebc2b9-5b4c-42cd-8e4b-65ddb427b7ff,20.965862753937927
mlapdv_on_surface_histo_s2s_i25_apxy_corr,e6331946-b66c-443e-88d9-4b9c848bdbed,74ffa405-3e23-47d9-972b-11bea1c3c2f6,35.80483404638451
mlapdv_on_surface_histo_s2s_i25_apxy_corr,e6331946-b66c-443e-88d9-4b9c848bdbed,1322edbf-5c42-4b9a-aecd-7ddaf4f44387,32.02690942044462
mlapdv_on_surface_histo_s2s_i25_apxy_corr,e6331946-b66c-443e-88d9-4b9c848bdbed,3c9290bd-f0a8-4b27-be6a-d987557edb95,34.80966892494822
mlapdv_on_surface_histo_s2s_i25_apxy_corr,6e41f77f-0c61-477e-81ed-0f3150938d27,092edbf8-b081-492a-baab-e2a2f22d7fa5,20.614551272697685
mlapdv_on_surface_histo_s2s_i25_apxy_corr,6e41f77f-0c61-477e-81ed-0f3150938d27,403f9193-c956-451a-a9bd-b49a9265078d,36.38193972469711
mlapdv_on_surface_histo_s2s_i25_apxy_corr,6e41f77f-0c61-477e-81ed-0f3150938d27,a52c46a2-93b9-4933-a595-a37b07472ffb,20.029830771005106
mlapdv_on_surface_histo_s2s_i25_apxy_corr,6e41f77f-0c61-477e-81ed-0f3150938d27,b6695d55-9025-4da4-8d7b-17a09a035ea6,31.934444147423754
mlapdv_on_surface_histo_s2s_i25_apxy_corr,6e41f77f-0c61-477e-81ed-0f3150938d27,6ee1cb8f-df61-431a-b6b3-11527926c028,34.46388496080468
mlapdv_on_surface_histo_s2s_i25_apxy_corr,6e41f77f-0c61-477e-81ed-0f3150938d27,0ecfc758-f8ae-4c82-ad8b-cf4c50faa6fb,25.258892966805494
mlapdv_on_surface_histo_s2s_i25_apxy_corr,6e41f77f-0c61-477e-81ed-0f3150938d27,1f44208f-d2e8-4c18-9312-e250c6b498ca,40.94977065650932
mlapdv_on_surface_histo_s2s_i25_apxy_corr,6e41f77f-0c61-477e-81ed-0f3150938d27,83554851-7e47-4a79-82bb-9f37037c5e97,20.543636075452113
mlapdv_on_surface_histo_s2s_i25_apxy_corr,6e41f77f-0c61-477e-81ed-0f3150938d27,e21b8705-4e69-407d-83b7-b8a2b4e6c27b,26.689492499300314
mlapdv_on_surface_histo_s2s_i25_apxy_corr,6e41f77f-0c61-477e-81ed-0f3150938d27,1bc8a5ff-fe9d-4921-a1db-b4c44f2cf7b9,26.816162077287316
mlapdv_on_surface_histo_s2s_i25_apxy_corr,6e41f77f-0c61-477e-81ed-0f3150938d27,38bc2e7c-d160-4887-86f6-4368bfd58c5f,25.637459706130894
mlapdv_on_surface_histo_s2s_i25_apxy_corr,6e41f77f-0c61-477e-81ed-0f3150938d27,20ebc2b9-5b4c-42cd-8e4b-65ddb427b7ff,22.40622755533947
mlapdv_on_surface_histo_s2s_i25_apxy_corr,6e41f77f-0c61-477e-81ed-0f3150938d27,74ffa405-3e23-47d9-972b-11bea1c3c2f6,33.640847010230694
mlapdv_on_surface_histo_s2s_i25_apxy_corr,6e41f77f-0c61-477e-81ed-0f3150938d27,1322edbf-5c42-4b9a-aecd-7ddaf4f44387,36.52761865624065
mlapdv_on_surface_histo_s2s_i25_apxy_corr,6e41f77f-0c61-477e-81ed-0f3150938d27,3c9290bd-f0a8-4b27-be6a-d987557edb95,32.50986974521258
mlapdv_on_surface_histo_s2s_i25_apxy_corr,092edbf8-b081-492a-baab-e2a2f22d7fa5,403f9193-c956-451a-a9bd-b49a9265078d,20.993278428013802
mlapdv_on_surface_histo_s2s_i25_apxy_corr,092edbf8-b081-492a-baab-e2a2f22d7fa5,a52c46a2-93b9-4933-a595-a37b07472ffb,9.416982008390434
mlapdv_on_surface_histo_s2s_i25_apxy_corr,092edbf8-b081-492a-baab-e2a2f22d7fa5,b6695d55-9025-4da4-8d7b-17a09a035ea6,26.00098850783396
mlapdv_on_surface_histo_s2s_i25_apxy_corr,092edbf8-b081-492a-baab-e2a2f22d7fa5,6ee1cb8f-df61-431a-b6b3-11527926c028,19.53383711254183
mlapdv_on_surface_histo_s2s_i25_apxy_corr,092edbf8-b081-492a-baab-e2a2f22d7fa5,0ecfc758-f8ae-4c82-ad8b-cf4c50faa6fb,21.86431265296684
mlapdv_on_surface_histo_s2s_i25_apxy_corr,092edbf8-b081-492a-baab-e2a2f22d7fa5,1f44208f-d2e8-4c18-9312-e250c6b498ca,41.12809261017547
mlapdv_on_surface_histo_s2s_i25_apxy_corr,092edbf8-b081-492a-baab-e2a2f22d7fa5,83554851-7e47-4a79-82bb-9f37037c5e97,12.437617885779034
mlapdv_on_surface_histo_s2s_i25_apxy_corr,092edbf8-b081-492a-baab-e2a2f22d7fa5,e21b8705-4e69-407d-83b7-b8a2b4e6c27b,19.35236174769395
mlapdv_on_surface_histo_s2s_i25_apxy_corr,092edbf8-b081-492a-baab-e2a2f22d7fa5,1bc8a5ff-fe9d-4921-a1db-b4c44f2cf7b9,23.956923596852896
mlapdv_on_surface_histo_s2s_i25_apxy_corr,092edbf8-b081-492a-baab-e2a2f22d7fa5,38bc2e7c-d160-4887-86f6-4368bfd58c5f,21.406512825224002
mlapdv_on_surface_histo_s2s_i25_apxy_corr,092edbf8-b081-492a-baab-e2a2f22d7fa5,20ebc2b9-5b4c-42cd-8e4b-65ddb427b7ff,13.913996414307563
mlapdv_on_surface_histo_s2s_i25_apxy_corr,092edbf8-b081-492a-baab-e2a2f22d7fa5,74ffa405-3e23-47d9-972b-11bea1c3c2f6,29.181158574802865
mlapdv_on_surface_histo_s2s_i25_apxy_corr,092edbf8-b081-492a-baab-e2a2f22d7fa5,1322edbf-5c42-4b9a-aecd-7ddaf4f44387,31.69594215551675
mlapdv_on_surface_histo_s2s_i25_apxy_corr,092edbf8-b081-492a-baab-e2a2f22d7fa5,3c9290bd-f0a8-4b27-be6a-d987557edb95,28.04374981403575
mlapdv_on_surface_histo_s2s_i25_apxy_corr,403f9193-c956-451a-a9bd-b49a9265078d,a52c46a2-93b9-4933-a595-a37b07472ffb,17.499700620346495
mlapdv_on_surface_histo_s2s_i25_apxy_corr,403f9193-c956-451a-a9bd-b49a9265078d,b6695d55-9025-4da4-8d7b-17a09a035ea6,20.426773225893683
mlapdv_on_surface_histo_s2s_i25_apxy_corr,403f9193-c956-451a-a9bd-b49a9265078d,6ee1cb8f-df61-431a-b6b3-11527926c028,19.578498843291474
mlapdv_on_surface_histo_s2s_i25_apxy_corr,403f9193-c956-451a-a9bd-b49a9265078d,0ecfc758-f8ae-4c82-ad8b-cf4c50faa6fb,21.08989668365043
mlapdv_on_surface_histo_s2s_i25_apxy_corr,403f9193-c956-451a-a9bd-b49a9265078d,1f44208f-d2e8-4c18-9312-e250c6b498ca,34.01413112100411
mlapdv_on_surface_histo_s2s_i25_apxy_corr,403f9193-c956-451a-a9bd-b49a9265078d,83554851-7e47-4a79-82bb-9f37037c5e97,22.930715422239686
mlapdv_on_surface_histo_s2s_i25_apxy_corr,403f9193-c956-451a-a9bd-b49a9265078d,e21b8705-4e69-407d-83b7-b8a2b4e6c27b,29.823525418997455
mlapdv_on_surface_histo_s2s_i25_apxy_corr,403f9193-c956-451a-a9bd-b49a9265078d,1bc8a5ff-fe9d-4921-a1db-b4c44f2cf7b9,35.487567305474606
mlapdv_on_surface_histo_s2s_i25_apxy_corr,403f9193-c956-451a-a9bd-b49a9265078d,38bc2e7c-d160-4887-86f6-4368bfd58c5f,33.449113836575485
mlapdv_on_surface_histo_s2s_i25_apxy_corr,403f9193-c956-451a-a9bd-b49a9265078d,20ebc2b9-5b4c-42cd-8e4b-65ddb427b7ff,25.212886756816783
mlapdv_on_surface_histo_s2s_i25_apxy_corr,403f9193-c956-451a-a9bd-b49a9265078d,74ffa405-3e23-47d9-972b-11bea1c3c2f6,41.92652025048493
mlapdv_on_surface_histo_s2s_i25_apxy_corr,403f9193-c956-451a-a9bd-b49a9265078d,1322edbf-5c42-4b9a-aecd-7ddaf4f44387,23.633337723503413
mlapdv_on_surface_histo_s2s_i25_apxy_corr,403f9193-c956-451a-a9bd-b49a9265078d,3c9290bd-f0a8-4b27-be6a-d987557edb95,41.023774138125496
mlapdv_on_surface_histo_s2s_i25_apxy_corr,a52c46a2-93b9-4933-a595-a37b07472ffb,b6695d55-9025-4da4-8d7b-17a09a035ea6,18.48185528089896
mlapdv_on_surface_histo_s2s_i25_apxy_corr,a52c46a2-93b9-4933-a595-a37b07472ffb,6ee1cb8f-df61-431a-b6b3-11527926c028,21.71364399834666
mlapdv_on_surface_histo_s2s_i25_apxy_corr,a52c46a2-93b9-4933-a595-a37b07472ffb,0ecfc758-f8ae-4c82-ad8b-cf4c50faa6fb,15.33425105259905
mlapdv_on_surface_histo_s2s_i25_apxy_corr,a52c46a2-93b9-4933-a595-a37b07472ffb,1f44208f-d2e8-4c18-9312-e250c6b498ca,34.71782061988584
mlapdv_on_surface_histo_s2s_i25_apxy_corr,a52c46a2-93b9-4933-a595-a37b07472ffb,83554851-7e47-4a79-82bb-9f37037c5e97,12.661655587420116
mlapdv_on_surface_histo_s2s_i25_apxy_corr,a52c46a2-93b9-4933-a595-a37b07472ffb,e21b8705-4e69-407d-83b7-b8a2b4e6c27b,20.975395313607674
mlapdv_on_surface_histo_s2s_i25_apxy_corr,a52c46a2-93b9-4933-a595-a37b07472ffb,1bc8a5ff-fe9d-4921-a1db-b4c44f2cf7b9,25.718669990247715
mlapdv_on_surface_histo_s2s_i25_apxy_corr,a52c46a2-93b9-4933-a595-a37b07472ffb,38bc2e7c-d160-4887-86f6-4368bfd58c5f,23.330470916071203
mlapdv_on_surface_histo_s2s_i25_apxy_corr,a52c46a2-93b9-4933-a595-a37b07472ffb,20ebc2b9-5b4c-42cd-8e4b-65ddb427b7ff,15.433131921760657
mlapdv_on_surface_histo_s2s_i25_apxy_corr,a52c46a2-93b9-4933-a595-a37b07472ffb,74ffa405-3e23-47d9-972b-11bea1c3c2f6,33.1779792852637
mlapdv_on_surface_histo_s2s_i25_apxy_corr,a52c46a2-93b9-4933-a595-a37b07472ffb,1322edbf-5c42-4b9a-aecd-7ddaf4f44387,24.37215759216353
mlapdv_on_surface_histo_s2s_i25_apxy_corr,a52c46a2-93b9-4933-a595-a37b07472ffb,3c9290bd-f0a8-4b27-be6a-d987557edb95,31.873705979583864
mlapdv_on_surface_histo_s2s_i25_apxy_corr,b6695d55-9025-4da4-8d7b-17a09a035ea6,6ee1cb8f-df61-431a-b6b3-11527926c028,32.05705481621
mlapdv_on_surface_histo_s2s_i25_apxy_corr,b6695d55-9025-4da4-8d7b-17a09a035ea6,0ecfc758-f8ae-4c82-ad8b-cf4c50faa6fb,9.692861662582972
mlapdv_on_surface_histo_s2s_i25_apxy_corr,b6695d55-9025-4da4-8d7b-17a09a035ea6,1f44208f-d2e8-4c18-9312-e250c6b498ca,18.424743226377984
mlapdv_on_surface_histo_s2s_i25_apxy_corr,b6695d55-9025-4da4-8d7b-17a09a035ea6,83554851-7e47-4a79-82bb-9f37037c5e97,23.77833974574916
mlapdv_on_surface_histo_s2s_i25_apxy_corr,b6695d55-9025-4da4-8d7b-17a09a035ea6,e21b8705-4e69-407d-83b7-b8a2b4e6c27b,34.40463215901681
mlapdv_on_surface_histo_s2s_i25_apxy_corr,b6695d55-9025-4da4-8d7b-17a09a035ea6,1bc8a5ff-fe9d-4921-a1db-b4c44f2cf7b9,38.49000649188843
mlapdv_on_surface_histo_s2s_i25_apxy_corr,b6695d55-9025-4da4-8d7b-17a09a035ea6,38bc2e7c-d160-4887-86f6-4368bfd58c5f,37.095007084309415
mlapdv_on_surface_histo_s2s_i25_apxy_corr,b6695d55-9025-4da4-8d7b-17a09a035ea6,20ebc2b9-5b4c-42cd-8e4b-65ddb427b7ff,30.14269808226421
mlapdv_on_surface_histo_s2s_i25_apxy_corr,b6695d55-9025-4da4-8d7b-17a09a035ea6,74ffa405-3e23-47d9-972b-11bea1c3c2f6,48.57685304003799
mlapdv_on_surface_histo_s2s_i25_apxy_corr,b6695d55-9025-4da4-8d7b-17a09a035ea6,1322edbf-5c42-4b9a-aecd-7ddaf4f44387,8.36785901896602
mlapdv_on_surface_histo_s2s_i25_apxy_corr,b6695d55-9025-4da4-8d7b-17a09a035ea6,3c9290bd-f0a8-4b27-be6a-d987557edb95,47.28303606050223
mlapdv_on_surface_histo_s2s_i25_apxy_corr,6ee1cb8f-df61-431a-b6b3-11527926c028,0ecfc758-f8ae-4c82-ad8b-cf4c50faa6fb,31.156840217946083
mlapdv_on_surface_histo_s2s_i25_apxy_corr,6ee1cb8f-df61-431a-b6b3-11527926c028,1f44208f-d2e8-4c18-9312-e250c6b498ca,46.82500934906639
mlapdv_on_surface_histo_s2s_i25_apxy_corr,6ee1cb8f-df61-431a-b6b3-11527926c028,83554851-7e47-4a79-82bb-9f37037c5e97,18.05351481442975
mlapdv_on_surface_histo_s2s_i25_apxy_corr,6ee1cb8f-df61-431a-b6b3-11527926c028,e21b8705-4e69-407d-83b7-b8a2b4e6c27b,15.067784566511415
mlapdv_on_surface_histo_s2s_i25_apxy_corr,6ee1cb8f-df61-431a-b6b3-11527926c028,1bc8a5ff-fe9d-4921-a1db-b4c44f2cf7b9,20.364053820078333
mlapdv_on_surface_histo_s2s_i25_apxy_corr,6ee1cb8f-df61-431a-b6b3-11527926c028,38bc2e7c-d160-4887-86f6-4368bfd58c5f,18.729228054874046
mlapdv_on_surface_histo_s2s_i25_apxy_corr,6ee1cb8f-df61-431a-b6b3-11527926c028,20ebc2b9-5b4c-42cd-8e4b-65ddb427b7ff,15.189689314970853
mlapdv_on_surface_histo_s2s_i25_apxy_corr,6ee1cb8f-df61-431a-b6b3-11527926c028,74ffa405-3e23-47d9-972b-11bea1c3c2f6,24.709696983504475
mlapdv_on_surface_histo_s2s_i25_apxy_corr,6ee1cb8f-df61-431a-b6b3-11527926c028,1322edbf-5c42-4b9a-aecd-7ddaf4f44387,37.63683463622735
mlapdv_on_surface_histo_s2s_i25_apxy_corr,6ee1cb8f-df61-431a-b6b3-11527926c028,3c9290bd-f0a8-4b27-be6a-d987557edb95,23.450273579118047
mlapdv_on_surface_histo_s2s_i25_apxy_corr,0ecfc758-f8ae-4c82-ad8b-cf4c50faa6fb,1f44208f-d2e8-4c18-9312-e250c6b498ca,22.0829073531084
mlapdv_on_surface_histo_s2s_i25_apxy_corr,0ecfc758-f8ae-4c82-ad8b-cf4c50faa6fb,83554851-7e47-4a79-82bb-9f37037c5e97,20.94316610387269
mlapdv_on_surface_histo_s2s_i25_apxy_corr,0ecfc758-f8ae-4c82-ad8b-cf4c50faa6fb,e21b8705-4e69-407d-83b7-b8a2b4e6c27b,32.32437933154883
mlapdv_on_surface_histo_s2s_i25_apxy_corr,0ecfc758-f8ae-4c82-ad8b-cf4c50faa6fb,1bc8a5ff-fe9d-4921-a1db-b4c44f2cf7b9,36.12052879867794
mlapdv_on_surface_histo_s2s_i25_apxy_corr,0ecfc758-f8ae-4c82-ad8b-cf4c50faa6fb,38bc2e7c-d160-4887-86f6-4368bfd58c5f,34.58729997982954
mlapdv_on_surface_histo_s2s_i25_apxy_corr,0ecfc758-f8ae-4c82-ad8b-cf4c50faa6fb,20ebc2b9-5b4c-42cd-8e4b-65ddb427b7ff,27.560803041458275
mlapdv_on_surface_histo_s2s_i25_apxy_corr,0ecfc758-f8ae-4c82-ad8b-cf4c50faa6fb,74ffa405-3e23-47d9-972b-11bea1c3c2f6,45.899678722235514
mlapdv_on_surface_histo_s2s_i25_apxy_corr,0ecfc758-f8ae-4c82-ad8b-cf4c50faa6fb,1322edbf-5c42-4b9a-aecd-7ddaf4f44387,12.759400603339143
mlapdv_on_surface_histo_s2s_i25_apxy_corr,0ecfc758-f8ae-4c82-ad8b-cf4c50faa6fb,3c9290bd-f0a8-4b27-be6a-d987557edb95,44.54290493498238
mlapdv_on_surface_histo_s2s_i25_apxy_corr,1f44208f-d2e8-4c18-9312-e250c6b498ca,83554851-7e47-4a79-82bb-9f37037c5e97,38.56507034136593
mlapdv_on_surface_histo_s2s_i25_apxy_corr,1f44208f-d2e8-4c18-9312-e250c6b498ca,e21b8705-4e69-407d-83b7-b8a2b4e6c27b,48.325284325832065
mlapdv_on_surface_histo_s2s_i25_apxy_corr,1f44208f-d2e8-4c18-9312-e250c6b498ca,1bc8a5ff-fe9d-4921-a1db-b4c44f2cf7b9,51.479406023600156
mlapdv_on_surface_histo_s2s_i25_apxy_corr,1f44208f-d2e8-4c18-9312-e250c6b498ca,38bc2e7c-d160-4887-86f6-4368bfd58c5f,50.63587017343867
mlapdv_on_surface_histo_s2s_i25_apxy_corr,1f44208f-d2e8-4c18-9312-e250c6b498ca,20ebc2b9-5b4c-42cd-8e4b-65ddb427b7ff,45.00679419936419
mlapdv_on_surface_histo_s2s_i25_apxy_corr,1f44208f-d2e8-4c18-9312-e250c6b498ca,74ffa405-3e23-47d9-972b-11bea1c3c2f6,62.74013159366307
mlapdv_on_surface_histo_s2s_i25_apxy_corr,1f44208f-d2e8-4c18-9312-e250c6b498ca,1322edbf-5c42-4b9a-aecd-7ddaf4f44387,13.521289713273514
mlapdv_on_surface_histo_s2s_i25_apxy_corr,1f44208f-d2e8-4c18-9312-e250c6b498ca,3c9290bd-f0a8-4b27-be6a-d987557edb95,61.412968467800624
mlapdv_on_surface_histo_s2s_i25_apxy_corr,83554851-7e47-4a79-82bb-9f37037c5e97,e21b8705-4e69-407d-83b7-b8a2b4e6c27b,14.816615994672645
mlapdv_on_surface_histo_s2s_i25_apxy_corr,83554851-7e47-4a79-82bb-9f37037c5e97,1bc8a5ff-fe9d-4921-a1db-b4c44f2cf7b9,17.343352151367892
mlapdv_on_surface_histo_s2s_i25_apxy_corr,83554851-7e47-4a79-82bb-9f37037c5e97,38bc2e7c-d160-4887-86f6-4368bfd58c5f,15.666409791202746
mlapdv_on_surface_histo_s2s_i25_apxy_corr,83554851-7e47-4a79-82bb-9f37037c5e97,20ebc2b9-5b4c-42cd-8e4b-65ddb427b7ff,9.357584504196476
mlapdv_on_surface_histo_s2s_i25_apxy_corr,83554851-7e47-4a79-82bb-9f37037c5e97,74ffa405-3e23-47d9-972b-11bea1c3c2f6,26.253278999946364
mlapdv_on_surface_histo_s2s_i25_apxy_corr,83554851-7e47-4a79-82bb-9f37037c5e97,1322edbf-5c42-4b9a-aecd-7ddaf4f44387,30.28819632046467
mlapdv_on_surface_histo_s2s_i25_apxy_corr,83554851-7e47-4a79-82bb-9f37037c5e97,3c9290bd-f0a8-4b27-be6a-d987557edb95,25.0859356745705
mlapdv_on_surface_histo_s2s_i25_apxy_corr,e21b8705-4e69-407d-83b7-b8a2b4e6c27b,1bc8a5ff-fe9d-4921-a1db-b4c44f2cf7b9,6.655661566372823
mlapdv_on_surface_histo_s2s_i25_apxy_corr,e21b8705-4e69-407d-83b7-b8a2b4e6c27b,38bc2e7c-d160-4887-86f6-4368bfd58c5f,5.337008337184842
mlapdv_on_surface_histo_s2s_i25_apxy_corr,e21b8705-4e69-407d-83b7-b8a2b4e6c27b,20ebc2b9-5b4c-42cd-8e4b-65ddb427b7ff,7.688148408839453
mlapdv_on_surface_histo_s2s_i25_apxy_corr,e21b8705-4e69-407d-83b7-b8a2b4e6c27b,74ffa405-3e23-47d9-972b-11bea1c3c2f6,15.225347056600407
mlapdv_on_surface_histo_s2s_i25_apxy_corr,e21b8705-4e69-407d-83b7-b8a2b4e6c27b,1322edbf-5c42-4b9a-aecd-7ddaf4f44387,40.75674289969041
mlapdv_on_surface_histo_s2s_i25_apxy_corr,e21b8705-4e69-407d-83b7-b8a2b4e6c27b,3c9290bd-f0a8-4b27-be6a-d987557edb95,13.881058057862308
mlapdv_on_surface_histo_s2s_i25_apxy_corr,1bc8a5ff-fe9d-4921-a1db-b4c44f2cf7b9,38bc2e7c-d160-4887-86f6-4368bfd58c5f,4.4139710510574055
mlapdv_on_surface_histo_s2s_i25_apxy_corr,1bc8a5ff-fe9d-4921-a1db-b4c44f2cf7b9,20ebc2b9-5b4c-42cd-8e4b-65ddb427b7ff,11.605338684496555
mlapdv_on_surface_histo_s2s_i25_apxy_corr,1bc8a5ff-fe9d-4921-a1db-b4c44f2cf7b9,74ffa405-3e23-47d9-972b-11bea1c3c2f6,12.786173499761539
mlapdv_on_surface_histo_s2s_i25_apxy_corr,1bc8a5ff-fe9d-4921-a1db-b4c44f2cf7b9,1322edbf-5c42-4b9a-aecd-7ddaf4f44387,44.86377591650174
mlapdv_on_surface_histo_s2s_i25_apxy_corr,1bc8a5ff-fe9d-4921-a1db-b4c44f2cf7b9,3c9290bd-f0a8-4b27-be6a-d987557edb95,11.601252413188739
mlapdv_on_surface_histo_s2s_i25_apxy_corr,38bc2e7c-d160-4887-86f6-4368bfd58c5f,20ebc2b9-5b4c-42cd-8e4b-65ddb427b7ff,9.358907908097978
mlapdv_on_surface_histo_s2s_i25_apxy_corr,38bc2e7c-d160-4887-86f6-4368bfd58c5f,74ffa405-3e23-47d9-972b-11bea1c3c2f6,12.592544474190438
mlapdv_on_surface_histo_s2s_i25_apxy_corr,38bc2e7c-d160-4887-86f6-4368bfd58c5f,1322edbf-5c42-4b9a-aecd-7ddaf4f44387,43.39101247901272
mlapdv_on_surface_histo_s2s_i25_apxy_corr,38bc2e7c-d160-4887-86f6-4368bfd58c5f,3c9290bd-f0a8-4b27-be6a-d987557edb95,11.548830999304844
mlapdv_on_surface_histo_s2s_i25_apxy_corr,20ebc2b9-5b4c-42cd-8e4b-65ddb427b7ff,74ffa405-3e23-47d9-972b-11bea1c3c2f6,19.000052168885222
mlapdv_on_surface_histo_s2s_i25_apxy_corr,20ebc2b9-5b4c-42cd-8e4b-65ddb427b7ff,1322edbf-5c42-4b9a-aecd-7ddaf4f44387,36.464602765046564
mlapdv_on_surface_histo_s2s_i25_apxy_corr,20ebc2b9-5b4c-42cd-8e4b-65ddb427b7ff,3c9290bd-f0a8-4b27-be6a-d987557edb95,17.95090832906786
mlapdv_on_surface_histo_s2s_i25_apxy_corr,74ffa405-3e23-47d9-972b-11bea1c3c2f6,1322edbf-5c42-4b9a-aecd-7ddaf4f44387,55.000699651561746
mlapdv_on_surface_histo_s2s_i25_apxy_corr,74ffa405-3e23-47d9-972b-11bea1c3c2f6,3c9290bd-f0a8-4b27-be6a-d987557edb95,4.296602160063699
mlapdv_on_surface_histo_s2s_i25_apxy_corr,1322edbf-5c42-4b9a-aecd-7ddaf4f44387,3c9290bd-f0a8-4b27-be6a-d987557edb95,53.72297198601157
mlapdv_histo_s2s_i25_apxy_corr,e6331946-b66c-443e-88d9-4b9c848bdbed,6e41f77f-0c61-477e-81ed-0f3150938d27,40.732426892440685
mlapdv_histo_s2s_i25_apxy_corr,e6331946-b66c-443e-88d9-4b9c848bdbed,092edbf8-b081-492a-baab-e2a2f22d7fa5,27.88743268561128
mlapdv_histo_s2s_i25_apxy_corr,e6331946-b66c-443e-88d9-4b9c848bdbed,403f9193-c956-451a-a9bd-b49a9265078d,56.540239614246985
mlapdv_histo_s2s_i25_apxy_corr,e6331946-b66c-443e-88d9-4b9c848bdbed,a52c46a2-93b9-4933-a595-a37b07472ffb,17.3973335272706
mlapdv_histo_s2s_i25_apxy_corr,e6331946-b66c-443e-88d9-4b9c848bdbed,b6695d55-9025-4da4-8d7b-17a09a035ea6,27.8947967426652
mlapdv_histo_s2s_i25_apxy_corr,e6331946-b66c-443e-88d9-4b9c848bdbed,6ee1cb8f-df61-431a-b6b3-11527926c028,43.04140904009653
mlapdv_histo_s2s_i25_apxy_corr,e6331946-b66c-443e-88d9-4b9c848bdbed,0ecfc758-f8ae-4c82-ad8b-cf4c50faa6fb,28.35355848369655
mlapdv_histo_s2s_i25_apxy_corr,e6331946-b66c-443e-88d9-4b9c848bdbed,1f44208f-d2e8-4c18-9312-e250c6b498ca,41.24008612264999
mlapdv_histo_s2s_i25_apxy_corr,e6331946-b66c-443e-88d9-4b9c848bdbed,83554851-7e47-4a79-82bb-9f37037c5e97,18.566891091695652
mlapdv_histo_s2s_i25_apxy_corr,e6331946-b66c-443e-88d9-4b9c848bdbed,e21b8705-4e69-407d-83b7-b8a2b4e6c27b,27.572915699553548
mlapdv_histo_s2s_i25_apxy_corr,e6331946-b66c-443e-88d9-4b9c848bdbed,1bc8a5ff-fe9d-4921-a1db-b4c44f2cf7b9,29.493457203584274
mlapdv_histo_s2s_i25_apxy_corr,e6331946-b66c-443e-88d9-4b9c848bdbed,38bc2e7c-d160-4887-86f6-4368bfd58c5f,27.14576380597508
mlapdv_histo_s2s_i25_apxy_corr,e6331946-b66c-443e-88d9-4b9c848bdbed,20ebc2b9-5b4c-42cd-8e4b-65ddb427b7ff,20.24969878527744
mlapdv_histo_s2s_i25_apxy_corr,e6331946-b66c-443e-88d9-4b9c848bdbed,74ffa405-3e23-47d9-972b-11bea1c3c2f6,34.038304430121684
mlapdv_histo_s2s_i25_apxy_corr,e6331946-b66c-443e-88d9-4b9c848bdbed,1322edbf-5c42-4b9a-aecd-7ddaf4f44387,31.155115504729043
mlapdv_histo_s2s_i25_apxy_corr,e6331946-b66c-443e-88d9-4b9c848bdbed,3c9290bd-f0a8-4b27-be6a-d987557edb95,34.324968303593764
mlapdv_histo_s2s_i25_apxy_corr,6e41f77f-0c61-477e-81ed-0f3150938d27,092edbf8-b081-492a-baab-e2a2f22d7fa5,62.30006782276685
mlapdv_histo_s2s_i25_apxy_corr,6e41f77f-0c61-477e-81ed-0f3150938d27,403f9193-c956-451a-a9bd-b49a9265078d,91.65960688436773
mlapdv_histo_s2s_i25_apxy_corr,6e41f77f-0c61-477e-81ed-0f3150938d27,a52c46a2-93b9-4933-a595-a37b07472ffb,46.524691012000105
mlapdv_histo_s2s_i25_apxy_corr,6e41f77f-0c61-477e-81ed-0f3150938d27,b6695d55-9025-4da4-8d7b-17a09a035ea6,52.51038061714398
mlapdv_histo_s2s_i25_apxy_corr,6e41f77f-0c61-477e-81ed-0f3150938d27,6ee1cb8f-df61-431a-b6b3-11527926c028,76.11170408310969
mlapdv_histo_s2s_i25_apxy_corr,6e41f77f-0c61-477e-81ed-0f3150938d27,0ecfc758-f8ae-4c82-ad8b-cf4c50faa6fb,30.102291037245273
mlapdv_histo_s2s_i25_apxy_corr,6e41f77f-0c61-477e-81ed-0f3150938d27,1f44208f-d2e8-4c18-9312-e250c6b498ca,59.82731846552578
mlapdv_histo_s2s_i25_apxy_corr,6e41f77f-0c61-477e-81ed-0f3150938d27,83554851-7e47-4a79-82bb-9f37037c5e97,47.23389538243956
mlapdv_histo_s2s_i25_apxy_corr,6e41f77f-0c61-477e-81ed-0f3150938d27,e21b8705-4e69-407d-83b7-b8a2b4e6c27b,49.94770519575463
mlapdv_histo_s2s_i25_apxy_corr,6e41f77f-0c61-477e-81ed-0f3150938d27,1bc8a5ff-fe9d-4921-a1db-b4c44f2cf7b9,43.29532621425827
mlapdv_histo_s2s_i25_apxy_corr,6e41f77f-0c61-477e-81ed-0f3150938d27,38bc2e7c-d160-4887-86f6-4368bfd58c5f,42.541308945665534
mlapdv_histo_s2s_i25_apxy_corr,6e41f77f-0c61-477e-81ed-0f3150938d27,20ebc2b9-5b4c-42cd-8e4b-65ddb427b7ff,40.852335396134734
mlapdv_histo_s2s_i25_apxy_corr,6e41f77f-0c61-477e-81ed-0f3150938d27,74ffa405-3e23-47d9-972b-11bea1c3c2f6,47.28671562486093
mlapdv_histo_s2s_i25_apxy_corr,6e41f77f-0c61-477e-81ed-0f3150938d27,1322edbf-5c42-4b9a-aecd-7ddaf4f44387,49.45602646776647
mlapdv_histo_s2s_i25_apxy_corr,6e41f77f-0c61-477e-81ed-0f3150938d27,3c9290bd-f0a8-4b27-be6a-d987557edb95,53.18855561078994
mlapdv_histo_s2s_i25_apxy_corr,092edbf8-b081-492a-baab-e2a2f22d7fa5,403f9193-c956-451a-a9bd-b49a9265078d,32.89201645511695
mlapdv_histo_s2s_i25_apxy_corr,092edbf8-b081-492a-baab-e2a2f22d7fa5,a52c46a2-93b9-4933-a595-a37b07472ffb,19.595446085220267
mlapdv_histo_s2s_i25_apxy_corr,092edbf8-b081-492a-baab-e2a2f22d7fa5,b6695d55-9025-4da4-8d7b-17a09a035ea6,30.53190965864632
mlapdv_histo_s2s_i25_apxy_corr,092edbf8-b081-492a-baab-e2a2f22d7fa5,6ee1cb8f-df61-431a-b6b3-11527926c028,21.159346433378207
mlapdv_histo_s2s_i25_apxy_corr,092edbf8-b081-492a-baab-e2a2f22d7fa5,0ecfc758-f8ae-4c82-ad8b-cf4c50faa6fb,47.161191927019004
mlapdv_histo_s2s_i25_apxy_corr,092edbf8-b081-492a-baab-e2a2f22d7fa5,1f44208f-d2e8-4c18-9312-e250c6b498ca,43.61144034323243
mlapdv_histo_s2s_i25_apxy_corr,092edbf8-b081-492a-baab-e2a2f22d7fa5,83554851-7e47-4a79-82bb-9f37037c5e97,21.335334850600606
mlapdv_histo_s2s_i25_apxy_corr,092edbf8-b081-492a-baab-e2a2f22d7fa5,e21b8705-4e69-407d-83b7-b8a2b4e6c27b,25.538880657522526
mlapdv_histo_s2s_i25_apxy_corr,092edbf8-b081-492a-baab-e2a2f22d7fa5,1bc8a5ff-fe9d-4921-a1db-b4c44f2cf7b9,34.51353880122764
mlapdv_histo_s2s_i25_apxy_corr,092edbf8-b081-492a-baab-e2a2f22d7fa5,38bc2e7c-d160-4887-86f6-4368bfd58c5f,32.852661781467546
mlapdv_histo_s2s_i25_apxy_corr,092edbf8-b081-492a-baab-e2a2f22d7fa5,20ebc2b9-5b4c-42cd-8e4b-65ddb427b7ff,28.859632287588102
mlapdv_histo_s2s_i25_apxy_corr,092edbf8-b081-492a-baab-e2a2f22d7fa5,74ffa405-3e23-47d9-972b-11bea1c3c2f6,37.86694291934721
mlapdv_histo_s2s_i25_apxy_corr,092edbf8-b081-492a-baab-e2a2f22d7fa5,1322edbf-5c42-4b9a-aecd-7ddaf4f44387,39.93857972175047
mlapdv_histo_s2s_i25_apxy_corr,092edbf8-b081-492a-baab-e2a2f22d7fa5,3c9290bd-f0a8-4b27-be6a-d987557edb95,32.05764904751112
mlapdv_histo_s2s_i25_apxy_corr,403f9193-c956-451a-a9bd-b49a9265078d,a52c46a2-93b9-4933-a595-a37b07472ffb,45.905487890353264
mlapdv_histo_s2s_i25_apxy_corr,403f9193-c956-451a-a9bd-b49a9265078d,b6695d55-9025-4da4-8d7b-17a09a035ea6,46.82725886135398
mlapdv_histo_s2s_i25_apxy_corr,403f9193-c956-451a-a9bd-b49a9265078d,6ee1cb8f-df61-431a-b6b3-11527926c028,25.570738562197793
mlapdv_histo_s2s_i25_apxy_corr,403f9193-c956-451a-a9bd-b49a9265078d,0ecfc758-f8ae-4c82-ad8b-cf4c50faa6fb,70.65546805939486
mlapdv_histo_s2s_i25_apxy_corr,403f9193-c956-451a-a9bd-b49a9265078d,1f44208f-d2e8-4c18-9312-e250c6b498ca,53.74027695941763
mlapdv_histo_s2s_i25_apxy_corr,403f9193-c956-451a-a9bd-b49a9265078d,83554851-7e47-4a79-82bb-9f37037c5e97,48.02668494758178
mlapdv_histo_s2s_i25_apxy_corr,403f9193-c956-451a-a9bd-b49a9265078d,e21b8705-4e69-407d-83b7-b8a2b4e6c27b,50.819479976414215
mlapdv_histo_s2s_i25_apxy_corr,403f9193-c956-451a-a9bd-b49a9265078d,1bc8a5ff-fe9d-4921-a1db-b4c44f2cf7b9,60.96048766748734
mlapdv_histo_s2s_i25_apxy_corr,403f9193-c956-451a-a9bd-b49a9265078d,38bc2e7c-d160-4887-86f6-4368bfd58c5f,59.83234597723577
mlapdv_histo_s2s_i25_apxy_corr,403f9193-c956-451a-a9bd-b49a9265078d,20ebc2b9-5b4c-42cd-8e4b-65ddb427b7ff,56.026486781086
mlapdv_histo_s2s_i25_apxy_corr,403f9193-c956-451a-a9bd-b49a9265078d,74ffa405-3e23-47d9-972b-11bea1c3c2f6,64.47534727702032
mlapdv_histo_s2s_i25_apxy_corr,403f9193-c956-451a-a9bd-b49a9265078d,1322edbf-5c42-4b9a-aecd-7ddaf4f44387,55.604259752452194
mlapdv_histo_s2s_i25_apxy_corr,403f9193-c956-451a-a9bd-b49a9265078d,3c9290bd-f0a8-4b27-be6a-d987557edb95,57.56307443476131
mlapdv_histo_s2s_i25_apxy_corr,a52c46a2-93b9-4933-a595-a37b07472ffb,b6695d55-9025-4da4-8d7b-17a09a035ea6,18.089387973344397
mlapdv_histo_s2s_i25_apxy_corr,a52c46a2-93b9-4933-a595-a37b07472ffb,6ee1cb8f-df61-431a-b6b3-11527926c028,33.664590372161584
mlapdv_histo_s2s_i25_apxy_corr,a52c46a2-93b9-4933-a595-a37b07472ffb,0ecfc758-f8ae-4c82-ad8b-cf4c50faa6fb,29.468155076631284
mlapdv_histo_s2s_i25_apxy_corr,a52c46a2-93b9-4933-a595-a37b07472ffb,1f44208f-d2e8-4c18-9312-e250c6b498ca,33.728951644875785
mlapdv_histo_s2s_i25_apxy_corr,a52c46a2-93b9-4933-a595-a37b07472ffb,83554851-7e47-4a79-82bb-9f37037c5e97,12.500668676283414
mlapdv_histo_s2s_i25_apxy_corr,a52c46a2-93b9-4933-a595-a37b07472ffb,e21b8705-4e69-407d-83b7-b8a2b4e6c27b,20.35439672179258
mlapdv_histo_s2s_i25_apxy_corr,a52c46a2-93b9-4933-a595-a37b07472ffb,1bc8a5ff-fe9d-4921-a1db-b4c44f2cf7b9,26.436730672201847
mlapdv_histo_s2s_i25_apxy_corr,a52c46a2-93b9-4933-a595-a37b07472ffb,38bc2e7c-d160-4887-86f6-4368bfd58c5f,24.265514331624424
mlapdv_histo_s2s_i25_apxy_corr,a52c46a2-93b9-4933-a595-a37b07472ffb,20ebc2b9-5b4c-42cd-8e4b-65ddb427b7ff,17.389590618317516
mlapdv_histo_s2s_i25_apxy_corr,a52c46a2-93b9-4933-a595-a37b07472ffb,74ffa405-3e23-47d9-972b-11bea1c3c2f6,33.12258541169326
mlapdv_histo_s2s_i25_apxy_corr,a52c46a2-93b9-4933-a595-a37b07472ffb,1322edbf-5c42-4b9a-aecd-7ddaf4f44387,25.375477864729017
mlapdv_histo_s2s_i25_apxy_corr,a52c46a2-93b9-4933-a595-a37b07472ffb,3c9290bd-f0a8-4b27-be6a-d987557edb95,30.786412056485254
mlapdv_histo_s2s_i25_apxy_corr,b6695d55-9025-4da4-8d7b-17a09a035ea6,6ee1cb8f-df61-431a-b6b3-11527926c028,40.39335664952029
mlapdv_histo_s2s_i25_apxy_corr,b6695d55-9025-4da4-8d7b-17a09a035ea6,0ecfc758-f8ae-4c82-ad8b-cf4c50faa6fb,27.2114644831277
mlapdv_histo_s2s_i25_apxy_corr,b6695d55-9025-4da4-8d7b-17a09a035ea6,1f44208f-d2e8-4c18-9312-e250c6b498ca,18.146828211847883
mlapdv_histo_s2s_i25_apxy_corr,b6695d55-9025-4da4-8d7b-17a09a035ea6,83554851-7e47-4a79-82bb-9f37037c5e97,22.981889011076063
mlapdv_histo_s2s_i25_apxy_corr,b6695d55-9025-4da4-8d7b-17a09a035ea6,e21b8705-4e69-407d-83b7-b8a2b4e6c27b,33.05003782390947
mlapdv_histo_s2s_i25_apxy_corr,b6695d55-9025-4da4-8d7b-17a09a035ea6,1bc8a5ff-fe9d-4921-a1db-b4c44f2cf7b9,37.88608896284573
mlapdv_histo_s2s_i25_apxy_corr,b6695d55-9025-4da4-8d7b-17a09a035ea6,38bc2e7c-d160-4887-86f6-4368bfd58c5f,36.63292508529043
mlapdv_histo_s2s_i25_apxy_corr,b6695d55-9025-4da4-8d7b-17a09a035ea6,20ebc2b9-5b4c-42cd-8e4b-65ddb427b7ff,30.257132039914215
mlapdv_histo_s2s_i25_apxy_corr,b6695d55-9025-4da4-8d7b-17a09a035ea6,74ffa405-3e23-47d9-972b-11bea1c3c2f6,47.301065652174735
mlapdv_histo_s2s_i25_apxy_corr,b6695d55-9025-4da4-8d7b-17a09a035ea6,1322edbf-5c42-4b9a-aecd-7ddaf4f44387,12.256971773735165
mlapdv_histo_s2s_i25_apxy_corr,b6695d55-9025-4da4-8d7b-17a09a035ea6,3c9290bd-f0a8-4b27-be6a-d987557edb95,45.345759601597145
mlapdv_histo_s2s_i25_apxy_corr,6ee1cb8f-df61-431a-b6b3-11527926c028,0ecfc758-f8ae-4c82-ad8b-cf4c50faa6fb,59.60569262967941
mlapdv_histo_s2s_i25_apxy_corr,6ee1cb8f-df61-431a-b6b3-11527926c028,1f44208f-d2e8-4c18-9312-e250c6b498ca,51.706207474053734
mlapdv_histo_s2s_i25_apxy_corr,6ee1cb8f-df61-431a-b6b3-11527926c028,83554851-7e47-4a79-82bb-9f37037c5e97,31.550818805984765
mlapdv_histo_s2s_i25_apxy_corr,6ee1cb8f-df61-431a-b6b3-11527926c028,e21b8705-4e69-407d-83b7-b8a2b4e6c27b,29.699685120524943
mlapdv_histo_s2s_i25_apxy_corr,6ee1cb8f-df61-431a-b6b3-11527926c028,1bc8a5ff-fe9d-4921-a1db-b4c44f2cf7b9,39.737085179851086
mlapdv_histo_s2s_i25_apxy_corr,6ee1cb8f-df61-431a-b6b3-11527926c028,38bc2e7c-d160-4887-86f6-4368bfd58c5f,39.00034160883583
mlapdv_histo_s2s_i25_apxy_corr,6ee1cb8f-df61-431a-b6b3-11527926c028,20ebc2b9-5b4c-42cd-8e4b-65ddb427b7ff,37.35437584971417
mlapdv_histo_s2s_i25_apxy_corr,6ee1cb8f-df61-431a-b6b3-11527926c028,74ffa405-3e23-47d9-972b-11bea1c3c2f6,41.775091176227434
mlapdv_histo_s2s_i25_apxy_corr,6ee1cb8f-df61-431a-b6b3-11527926c028,1322edbf-5c42-4b9a-aecd-7ddaf4f44387,49.69765724206158
mlapdv_histo_s2s_i25_apxy_corr,6ee1cb8f-df61-431a-b6b3-11527926c028,3c9290bd-f0a8-4b27-be6a-d987557edb95,34.36993956695326
mlapdv_histo_s2s_i25_apxy_corr,0ecfc758-f8ae-4c82-ad8b-cf4c50faa6fb,1f44208f-d2e8-4c18-9312-e250c6b498ca,33.9810721710829
mlapdv_histo_s2s_i25_apxy_corr,0ecfc758-f8ae-4c82-ad8b-cf4c50faa6fb,83554851-7e47-4a79-82bb-9f37037c5e97,32.79404484748093
mlapdv_histo_s2s_i25_apxy_corr,0ecfc758-f8ae-4c82-ad8b-cf4c50faa6fb,e21b8705-4e69-407d-83b7-b8a2b4e6c27b,40.18601330125437
mlapdv_histo_s2s_i25_apxy_corr,0ecfc758-f8ae-4c82-ad8b-cf4c50faa6fb,1bc8a5ff-fe9d-4921-a1db-b4c44f2cf7b9,38.6938312930901
mlapdv_histo_s2s_i25_apxy_corr,0ecfc758-f8ae-4c82-ad8b-cf4c50faa6fb,38bc2e7c-d160-4887-86f6-4368bfd58c5f,37.36671289620935
mlapdv_histo_s2s_i25_apxy_corr,0ecfc758-f8ae-4c82-ad8b-cf4c50faa6fb,20ebc2b9-5b4c-42cd-8e4b-65ddb427b7ff,31.50828380661675
mlapdv_histo_s2s_i25_apxy_corr,0ecfc758-f8ae-4c82-ad8b-cf4c50faa6fb,74ffa405-3e23-47d9-972b-11bea1c3c2f6,47.19270788067041
mlapdv_histo_s2s_i25_apxy_corr,0ecfc758-f8ae-4c82-ad8b-cf4c50faa6fb,1322edbf-5c42-4b9a-aecd-7ddaf4f44387,21.532889037424233
mlapdv_histo_s2s_i25_apxy_corr,0ecfc758-f8ae-4c82-ad8b-cf4c50faa6fb,3c9290bd-f0a8-4b27-be6a-d987557edb95,49.78160206335673
mlapdv_histo_s2s_i25_apxy_corr,1f44208f-d2e8-4c18-9312-e250c6b498ca,83554851-7e47-4a79-82bb-9f37037c5e97,37.30137369788441
mlapdv_histo_s2s_i25_apxy_corr,1f44208f-d2e8-4c18-9312-e250c6b498ca,e21b8705-4e69-407d-83b7-b8a2b4e6c27b,46.435151073626315
mlapdv_histo_s2s_i25_apxy_corr,1f44208f-d2e8-4c18-9312-e250c6b498ca,1bc8a5ff-fe9d-4921-a1db-b4c44f2cf7b9,50.12113165145768
mlapdv_histo_s2s_i25_apxy_corr,1f44208f-d2e8-4c18-9312-e250c6b498ca,38bc2e7c-d160-4887-86f6-4368bfd58c5f,49.406088246882476
mlapdv_histo_s2s_i25_apxy_corr,1f44208f-d2e8-4c18-9312-e250c6b498ca,20ebc2b9-5b4c-42cd-8e4b-65ddb427b7ff,44.181624881748206
mlapdv_histo_s2s_i25_apxy_corr,1f44208f-d2e8-4c18-9312-e250c6b498ca,74ffa405-3e23-47d9-972b-11bea1c3c2f6,60.80179634151414
mlapdv_histo_s2s_i25_apxy_corr,1f44208f-d2e8-4c18-9312-e250c6b498ca,1322edbf-5c42-4b9a-aecd-7ddaf4f44387,15.945316040208171
mlapdv_histo_s2s_i25_apxy_corr,1f44208f-d2e8-4c18-9312-e250c6b498ca,3c9290bd-f0a8-4b27-be6a-d987557edb95,58.979506134051974
mlapdv_histo_s2s_i25_apxy_corr,83554851-7e47-4a79-82bb-9f37037c5e97,e21b8705-4e69-407d-83b7-b8a2b4e6c27b,14.7031877565143
mlapdv_histo_s2s_i25_apxy_corr,83554851-7e47-4a79-82bb-9f37037c5e97,1bc8a5ff-fe9d-4921-a1db-b4c44f2cf7b9,18.98962189160581
mlapdv_histo_s2s_i25_apxy_corr,83554851-7e47-4a79-82bb-9f37037c5e97,38bc2e7c-d160-4887-86f6-4368bfd58c5f,17.61470738755142
mlapdv_histo_s2s_i25_apxy_corr,83554851-7e47-4a79-82bb-9f37037c5e97,20ebc2b9-5b4c-42cd-8e4b-65ddb427b7ff,13.125196896892135
mlapdv_histo_s2s_i25_apxy_corr,83554851-7e47-4a79-82bb-9f37037c5e97,74ffa405-3e23-47d9-972b-11bea1c3c2f6,26.800134418353526
mlapdv_histo_s2s_i25_apxy_corr,83554851-7e47-4a79-82bb-9f37037c5e97,1322edbf-5c42-4b9a-aecd-7ddaf4f44387,30.46942955699952
mlapdv_histo_s2s_i25_apxy_corr,83554851-7e47-4a79-82bb-9f37037c5e97,3c9290bd-f0a8-4b27-be6a-d987557edb95,24.373655435049603
mlapdv_histo_s2s_i25_apxy_corr,e21b8705-4e69-407d-83b7-b8a2b4e6c27b,1bc8a5ff-fe9d-4921-a1db-b4c44f2cf7b9,11.288117349197137
mlapdv_histo_s2s_i25_apxy_corr,e21b8705-4e69-407d-83b7-b8a2b4e6c27b,38bc2e7c-d160-4887-86f6-4368bfd58c5f,10.428467674978663
mlapdv_histo_s2s_i25_apxy_corr,e21b8705-4e69-407d-83b7-b8a2b4e6c27b,20ebc2b9-5b4c-42cd-8e4b-65ddb427b7ff,11.724471573313132
mlapdv_histo_s2s_i25_apxy_corr,e21b8705-4e69-407d-83b7-b8a2b4e6c27b,74ffa405-3e23-47d9-972b-11bea1c3c2f6,17.25231910146476
mlapdv_histo_s2s_i25_apxy_corr,e21b8705-4e69-407d-83b7-b8a2b4e6c27b,1322edbf-5c42-4b9a-aecd-7ddaf4f44387,39.96516150205079
mlapdv_histo_s2s_i25_apxy_corr,e21b8705-4e69-407d-83b7-b8a2b4e6c27b,3c9290bd-f0a8-4b27-be6a-d987557edb95,13.629824079110124
mlapdv_histo_s2s_i25_apxy_corr,1bc8a5ff-fe9d-4921-a1db-b4c44f2cf7b9,38bc2e7c-d160-4887-86f6-4368bfd58c5f,4.473939332536624
mlapdv_histo_s2s_i25_apxy_corr,1bc8a5ff-fe9d-4921-a1db-b4c44f2cf7b9,20ebc2b9-5b4c-42cd-8e4b-65ddb427b7ff,11.351311215000651
mlapdv_histo_s2s_i25_apxy_corr,1bc8a5ff-fe9d-4921-a1db-b4c44f2cf7b9,74ffa405-3e23-47d9-972b-11bea1c3c2f6,12.661753289159742
mlapdv_histo_s2s_i25_apxy_corr,1bc8a5ff-fe9d-4921-a1db-b4c44f2cf7b9,1322edbf-5c42-4b9a-aecd-7ddaf4f44387,42.97460507916875
mlapdv_histo_s2s_i25_apxy_corr,1bc8a5ff-fe9d-4921-a1db-b4c44f2cf7b9,3c9290bd-f0a8-4b27-be6a-d987557edb95,14.281699564454739
mlapdv_histo_s2s_i25_apxy_corr,38bc2e7c-d160-4887-86f6-4368bfd58c5f,20ebc2b9-5b4c-42cd-8e4b-65ddb427b7ff,9.22770314570178
mlapdv_histo_s2s_i25_apxy_corr,38bc2e7c-d160-4887-86f6-4368bfd58c5f,74ffa405-3e23-47d9-972b-11bea1c3c2f6,12.459205679364137
mlapdv_histo_s2s_i25_apxy_corr,38bc2e7c-d160-4887-86f6-4368bfd58c5f,1322edbf-5c42-4b9a-aecd-7ddaf4f44387,41.62038454428352
mlapdv_histo_s2s_i25_apxy_corr,38bc2e7c-d160-4887-86f6-4368bfd58c5f,3c9290bd-f0a8-4b27-be6a-d987557edb95,14.241120513118332
mlapdv_histo_s2s_i25_apxy_corr,20ebc2b9-5b4c-42cd-8e4b-65ddb427b7ff,74ffa405-3e23-47d9-972b-11bea1c3c2f6,18.488422918693903
mlapdv_histo_s2s_i25_apxy_corr,20ebc2b9-5b4c-42cd-8e4b-65ddb427b7ff,1322edbf-5c42-4b9a-aecd-7ddaf4f44387,35.02860713005798
mlapdv_histo_s2s_i25_apxy_corr,20ebc2b9-5b4c-42cd-8e4b-65ddb427b7ff,3c9290bd-f0a8-4b27-be6a-d987557edb95,19.46765340576419
mlapdv_histo_s2s_i25_apxy_corr,74ffa405-3e23-47d9-972b-11bea1c3c2f6,1322edbf-5c42-4b9a-aecd-7ddaf4f44387,52.67047404738261
mlapdv_histo_s2s_i25_apxy_corr,74ffa405-3e23-47d9-972b-11bea1c3c2f6,3c9290bd-f0a8-4b27-be6a-d987557edb95,9.724802503933429
mlapdv_histo_s2s_i25_apxy_corr,1322edbf-5c42-4b9a-aecd-7ddaf4f44387,3c9290bd-f0a8-4b27-be6a-d987557edb95,52.17172925055801
mlapdv_histo_s2s_i25_apxyz_corr,e6331946-b66c-443e-88d9-4b9c848bdbed,6e41f77f-0c61-477e-81ed-0f3150938d27,35.31267955504883
mlapdv_histo_s2s_i25_apxyz_corr,e6331946-b66c-443e-88d9-4b9c848bdbed,092edbf8-b081-492a-baab-e2a2f22d7fa5,27.753084685598036
mlapdv_histo_s2s_i25_apxyz_corr,e6331946-b66c-443e-88d9-4b9c848bdbed,403f9193-c956-451a-a9bd-b49a9265078d,56.98203470029459
mlapdv_histo_s2s_i25_apxyz_corr,e6331946-b66c-443e-88d9-4b9c848bdbed,a52c46a2-93b9-4933-a595-a37b07472ffb,25.112103676031722
mlapdv_histo_s2s_i25_apxyz_corr,e6331946-b66c-443e-88d9-4b9c848bdbed,b6695d55-9025-4da4-8d7b-17a09a035ea6,27.254241436892624
mlapdv_histo_s2s_i25_apxyz_corr,e6331946-b66c-443e-88d9-4b9c848bdbed,6ee1cb8f-df61-431a-b6b3-11527926c028,40.051368537732245
mlapdv_histo_s2s_i25_apxyz_corr,e6331946-b66c-443e-88d9-4b9c848bdbed,0ecfc758-f8ae-4c82-ad8b-cf4c50faa6fb,31.183597524503593
mlapdv_histo_s2s_i25_apxyz_corr,e6331946-b66c-443e-88d9-4b9c848bdbed,1f44208f-d2e8-4c18-9312-e250c6b498ca,40.86371918748932
mlapdv_histo_s2s_i25_apxyz_corr,e6331946-b66c-443e-88d9-4b9c848bdbed,83554851-7e47-4a79-82bb-9f37037c5e97,17.549593769803447
mlapdv_histo_s2s_i25_apxyz_corr,e6331946-b66c-443e-88d9-4b9c848bdbed,e21b8705-4e69-407d-83b7-b8a2b4e6c27b,26.9281752733311
mlapdv_histo_s2s_i25_apxyz_corr,e6331946-b66c-443e-88d9-4b9c848bdbed,1bc8a5ff-fe9d-4921-a1db-b4c44f2cf7b9,32.6482277526885
mlapdv_histo_s2s_i25_apxyz_corr,e6331946-b66c-443e-88d9-4b9c848bdbed,38bc2e7c-d160-4887-86f6-4368bfd58c5f,29.287778663158637
mlapdv_histo_s2s_i25_apxyz_corr,e6331946-b66c-443e-88d9-4b9c848bdbed,20ebc2b9-5b4c-42cd-8e4b-65ddb427b7ff,24.319342038971527
mlapdv_histo_s2s_i25_apxyz_corr,e6331946-b66c-443e-88d9-4b9c848bdbed,74ffa405-3e23-47d9-972b-11bea1c3c2f6,35.773936201294
mlapdv_histo_s2s_i25_apxyz_corr,e6331946-b66c-443e-88d9-4b9c848bdbed,1322edbf-5c42-4b9a-aecd-7ddaf4f44387,33.95022125212404
mlapdv_histo_s2s_i25_apxyz_corr,e6331946-b66c-443e-88d9-4b9c848bdbed,3c9290bd-f0a8-4b27-be6a-d987557edb95,35.1402182334792
mlapdv_histo_s2s_i25_apxyz_corr,6e41f77f-0c61-477e-81ed-0f3150938d27,092edbf8-b081-492a-baab-e2a2f22d7fa5,55.66445942856752
mlapdv_histo_s2s_i25_apxyz_corr,6e41f77f-0c61-477e-81ed-0f3150938d27,403f9193-c956-451a-a9bd-b49a9265078d,85.9754215622942
mlapdv_histo_s2s_i25_apxyz_corr,6e41f77f-0c61-477e-81ed-0f3150938d27,a52c46a2-93b9-4933-a595-a37b07472ffb,48.07825978443574
mlapdv_histo_s2s_i25_apxyz_corr,6e41f77f-0c61-477e-81ed-0f3150938d27,b6695d55-9025-4da4-8d7b-17a09a035ea6,44.10379202041468
mlapdv_histo_s2s_i25_apxyz_corr,6e41f77f-0c61-477e-81ed-0f3150938d27,6ee1cb8f-df61-431a-b6b3-11527926c028,66.82914623736033
mlapdv_histo_s2s_i25_apxyz_corr,6e41f77f-0c61-477e-81ed-0f3150938d27,0ecfc758-f8ae-4c82-ad8b-cf4c50faa6fb,25.73886380419186
mlapdv_histo_s2s_i25_apxyz_corr,6e41f77f-0c61-477e-81ed-0f3150938d27,1f44208f-d2e8-4c18-9312-e250c6b498ca,52.40767773165228
mlapdv_histo_s2s_i25_apxyz_corr,6e41f77f-0c61-477e-81ed-0f3150938d27,83554851-7e47-4a79-82bb-9f37037c5e97,38.10402917506264
mlapdv_histo_s2s_i25_apxyz_corr,6e41f77f-0c61-477e-81ed-0f3150938d27,e21b8705-4e69-407d-83b7-b8a2b4e6c27b,41.015900735381955
mlapdv_histo_s2s_i25_apxyz_corr,6e41f77f-0c61-477e-81ed-0f3150938d27,1bc8a5ff-fe9d-4921-a1db-b4c44f2cf7b9,35.5280253936909
mlapdv_histo_s2s_i25_apxyz_corr,6e41f77f-0c61-477e-81ed-0f3150938d27,38bc2e7c-d160-4887-86f6-4368bfd58c5f,34.680781558191626
mlapdv_histo_s2s_i25_apxyz_corr,6e41f77f-0c61-477e-81ed-0f3150938d27,20ebc2b9-5b4c-42cd-8e4b-65ddb427b7ff,32.83851153021521
mlapdv_histo_s2s_i25_apxyz_corr,6e41f77f-0c61-477e-81ed-0f3150938d27,74ffa405-3e23-47d9-972b-11bea1c3c2f6,40.17078839709075
mlapdv_histo_s2s_i25_apxyz_corr,6e41f77f-0c61-477e-81ed-0f3150938d27,1322edbf-5c42-4b9a-aecd-7ddaf4f44387,44.786672048159765
mlapdv_histo_s2s_i25_apxyz_corr,6e41f77f-0c61-477e-81ed-0f3150938d27,3c9290bd-f0a8-4b27-be6a-d987557edb95,47.66933694389299
mlapdv_histo_s2s_i25_apxyz_corr,092edbf8-b081-492a-baab-e2a2f22d7fa5,403f9193-c956-451a-a9bd-b49a9265078d,33.38273201917217
mlapdv_histo_s2s_i25_apxyz_corr,092edbf8-b081-492a-baab-e2a2f22d7fa5,a52c46a2-93b9-4933-a595-a37b07472ffb,15.69546403263077
mlapdv_histo_s2s_i25_apxyz_corr,092edbf8-b081-492a-baab-e2a2f22d7fa5,b6695d55-9025-4da4-8d7b-17a09a035ea6,33.47450635470795
mlapdv_histo_s2s_i25_apxyz_corr,092edbf8-b081-492a-baab-e2a2f22d7fa5,6ee1cb8f-df61-431a-b6b3-11527926c028,21.059167775200986
mlapdv_histo_s2s_i25_apxyz_corr,092edbf8-b081-492a-baab-e2a2f22d7fa5,0ecfc758-f8ae-4c82-ad8b-cf4c50faa6fb,50.701326136219144
mlapdv_histo_s2s_i25_apxyz_corr,092edbf8-b081-492a-baab-e2a2f22d7fa5,1f44208f-d2e8-4c18-9312-e250c6b498ca,45.98381335922779
mlapdv_histo_s2s_i25_apxyz_corr,092edbf8-b081-492a-baab-e2a2f22d7fa5,83554851-7e47-4a79-82bb-9f37037c5e97,24.8340826770539
mlapdv_histo_s2s_i25_apxyz_corr,092edbf8-b081-492a-baab-e2a2f22d7fa5,e21b8705-4e69-407d-83b7-b8a2b4e6c27b,28.772649660809368
mlapdv_histo_s2s_i25_apxyz_corr,092edbf8-b081-492a-baab-e2a2f22d7fa5,1bc8a5ff-fe9d-4921-a1db-b4c44f2cf7b9,39.03583584607797
mlapdv_histo_s2s_i25_apxyz_corr,092edbf8-b081-492a-baab-e2a2f22d7fa5,38bc2e7c-d160-4887-86f6-4368bfd58c5f,36.35766529801017
mlapdv_histo_s2s_i25_apxyz_corr,092edbf8-b081-492a-baab-e2a2f22d7fa5,20ebc2b9-5b4c-42cd-8e4b-65ddb427b7ff,33.139084727174065
mlapdv_histo_s2s_i25_apxyz_corr,092edbf8-b081-492a-baab-e2a2f22d7fa5,74ffa405-3e23-47d9-972b-11bea1c3c2f6,40.91717412593283
mlapdv_histo_s2s_i25_apxyz_corr,092edbf8-b081-492a-baab-e2a2f22d7fa5,1322edbf-5c42-4b9a-aecd-7ddaf4f44387,43.676752276083484
mlapdv_histo_s2s_i25_apxyz_corr,092edbf8-b081-492a-baab-e2a2f22d7fa5,3c9290bd-f0a8-4b27-be6a-d987557edb95,33.712956685528226
mlapdv_histo_s2s_i25_apxyz_corr,403f9193-c956-451a-a9bd-b49a9265078d,a52c46a2-93b9-4933-a595-a37b07472ffb,39.21890317997815
mlapdv_histo_s2s_i25_apxyz_corr,403f9193-c956-451a-a9bd-b49a9265078d,b6695d55-9025-4da4-8d7b-17a09a035ea6,51.06626805354195
mlapdv_histo_s2s_i25_apxyz_corr,403f9193-c956-451a-a9bd-b49a9265078d,6ee1cb8f-df61-431a-b6b3-11527926c028,28.554477718238626
mlapdv_histo_s2s_i25_apxyz_corr,403f9193-c956-451a-a9bd-b49a9265078d,0ecfc758-f8ae-4c82-ad8b-cf4c50faa6fb,75.08008435079913
mlapdv_histo_s2s_i25_apxyz_corr,403f9193-c956-451a-a9bd-b49a9265078d,1f44208f-d2e8-4c18-9312-e250c6b498ca,57.138993213913
mlapdv_histo_s2s_i25_apxyz_corr,403f9193-c956-451a-a9bd-b49a9265078d,83554851-7e47-4a79-82bb-9f37037c5e97,52.258927396726385
mlapdv_histo_s2s_i25_apxyz_corr,403f9193-c956-451a-a9bd-b49a9265078d,e21b8705-4e69-407d-83b7-b8a2b4e6c27b,55.23569776826307
mlapdv_histo_s2s_i25_apxyz_corr,403f9193-c956-451a-a9bd-b49a9265078d,1bc8a5ff-fe9d-4921-a1db-b4c44f2cf7b9,65.92843816570192
mlapdv_histo_s2s_i25_apxyz_corr,403f9193-c956-451a-a9bd-b49a9265078d,38bc2e7c-d160-4887-86f6-4368bfd58c5f,63.9367965471506
mlapdv_histo_s2s_i25_apxyz_corr,403f9193-c956-451a-a9bd-b49a9265078d,20ebc2b9-5b4c-42cd-8e4b-65ddb427b7ff,60.88983743922174
mlapdv_histo_s2s_i25_apxyz_corr,403f9193-c956-451a-a9bd-b49a9265078d,74ffa405-3e23-47d9-972b-11bea1c3c2f6,68.124623922817
mlapdv_histo_s2s_i25_apxyz_corr,403f9193-c956-451a-a9bd-b49a9265078d,1322edbf-5c42-4b9a-aecd-7ddaf4f44387,61.477334478870034
mlapdv_histo_s2s_i25_apxyz_corr,403f9193-c956-451a-a9bd-b49a9265078d,3c9290bd-f0a8-4b27-be6a-d987557edb95,59.62405627236974
mlapdv_histo_s2s_i25_apxyz_corr,a52c46a2-93b9-4933-a595-a37b07472ffb,b6695d55-9025-4da4-8d7b-17a09a035ea6,27.330366854250997
mlapdv_histo_s2s_i25_apxyz_corr,a52c46a2-93b9-4933-a595-a37b07472ffb,6ee1cb8f-df61-431a-b6b3-11527926c028,30.158423414847068
mlapdv_histo_s2s_i25_apxyz_corr,a52c46a2-93b9-4933-a595-a37b07472ffb,0ecfc758-f8ae-4c82-ad8b-cf4c50faa6fb,41.300148276526365
mlapdv_histo_s2s_i25_apxyz_corr,a52c46a2-93b9-4933-a595-a37b07472ffb,1f44208f-d2e8-4c18-9312-e250c6b498ca,40.25499948893839
mlapdv_histo_s2s_i25_apxyz_corr,a52c46a2-93b9-4933-a595-a37b07472ffb,83554851-7e47-4a79-82bb-9f37037c5e97,21.943257746690826
mlapdv_histo_s2s_i25_apxyz_corr,a52c46a2-93b9-4933-a595-a37b07472ffb,e21b8705-4e69-407d-83b7-b8a2b4e6c27b,27.561815919822443
mlapdv_histo_s2s_i25_apxyz_corr,a52c46a2-93b9-4933-a595-a37b07472ffb,1bc8a5ff-fe9d-4921-a1db-b4c44f2cf7b9,33.77568424532865
mlapdv_histo_s2s_i25_apxyz_corr,a52c46a2-93b9-4933-a595-a37b07472ffb,38bc2e7c-d160-4887-86f6-4368bfd58c5f,31.21566430130761
mlapdv_histo_s2s_i25_apxyz_corr,a52c46a2-93b9-4933-a595-a37b07472ffb,20ebc2b9-5b4c-42cd-8e4b-65ddb427b7ff,26.591350151071815
mlapdv_histo_s2s_i25_apxyz_corr,a52c46a2-93b9-4933-a595-a37b07472ffb,74ffa405-3e23-47d9-972b-11bea1c3c2f6,38.38957089026271
mlapdv_histo_s2s_i25_apxyz_corr,a52c46a2-93b9-4933-a595-a37b07472ffb,1322edbf-5c42-4b9a-aecd-7ddaf4f44387,32.609984267522385
mlapdv_histo_s2s_i25_apxyz_corr,a52c46a2-93b9-4933-a595-a37b07472ffb,3c9290bd-f0a8-4b27-be6a-d987557edb95,37.16978696791315
mlapdv_histo_s2s_i25_apxyz_corr,b6695d55-9025-4da4-8d7b-17a09a035ea6,6ee1cb8f-df61-431a-b6b3-11527926c028,40.60863022105904
mlapdv_histo_s2s_i25_apxyz_corr,b6695d55-9025-4da4-8d7b-17a09a035ea6,0ecfc758-f8ae-4c82-ad8b-cf4c50faa6fb,27.170863879812085
mlapdv_histo_s2s_i25_apxyz_corr,b6695d55-9025-4da4-8d7b-17a09a035ea6,1f44208f-d2e8-4c18-9312-e250c6b498ca,18.14411186868997
mlapdv_histo_s2s_i25_apxyz_corr,b6695d55-9025-4da4-8d7b-17a09a035ea6,83554851-7e47-4a79-82bb-9f37037c5e97,23.00065014083971
mlapdv_histo_s2s_i25_apxyz_corr,b6695d55-9025-4da4-8d7b-17a09a035ea6,e21b8705-4e69-407d-83b7-b8a2b4e6c27b,33.08527061258809
mlapdv_histo_s2s_i25_apxyz_corr,b6695d55-9025-4da4-8d7b-17a09a035ea6,1bc8a5ff-fe9d-4921-a1db-b4c44f2cf7b9,41.936259928797035
mlapdv_histo_s2s_i25_apxyz_corr,b6695d55-9025-4da4-8d7b-17a09a035ea6,38bc2e7c-d160-4887-86f6-4368bfd58c5f,39.38967670816263
mlapdv_histo_s2s_i25_apxyz_corr,b6695d55-9025-4da4-8d7b-17a09a035ea6,20ebc2b9-5b4c-42cd-8e4b-65ddb427b7ff,34.590114312857786
mlapdv_histo_s2s_i25_apxyz_corr,b6695d55-9025-4da4-8d7b-17a09a035ea6,74ffa405-3e23-47d9-972b-11bea1c3c2f6,49.53124609793744
mlapdv_histo_s2s_i25_apxyz_corr,b6695d55-9025-4da4-8d7b-17a09a035ea6,1322edbf-5c42-4b9a-aecd-7ddaf4f44387,18.955644417467052
mlapdv_histo_s2s_i25_apxyz_corr,b6695d55-9025-4da4-8d7b-17a09a035ea6,3c9290bd-f0a8-4b27-be6a-d987557edb95,45.719499266267725
mlapdv_histo_s2s_i25_apxyz_corr,6ee1cb8f-df61-431a-b6b3-11527926c028,0ecfc758-f8ae-4c82-ad8b-cf4c50faa6fb,59.846990507825254
mlapdv_histo_s2s_i25_apxyz_corr,6ee1cb8f-df61-431a-b6b3-11527926c028,1f44208f-d2e8-4c18-9312-e250c6b498ca,51.66820198588419
mlapdv_histo_s2s_i25_apxyz_corr,6ee1cb8f-df61-431a-b6b3-11527926c028,83554851-7e47-4a79-82bb-9f37037c5e97,31.630844465328117
mlapdv_histo_s2s_i25_apxyz_corr,6ee1cb8f-df61-431a-b6b3-11527926c028,e21b8705-4e69-407d-83b7-b8a2b4e6c27b,30.31245263113311
mlapdv_histo_s2s_i25_apxyz_corr,6ee1cb8f-df61-431a-b6b3-11527926c028,1bc8a5ff-fe9d-4921-a1db-b4c44f2cf7b9,41.801967504637986
mlapdv_histo_s2s_i25_apxyz_corr,6ee1cb8f-df61-431a-b6b3-11527926c028,38bc2e7c-d160-4887-86f6-4368bfd58c5f,39.793822765055204
mlapdv_histo_s2s_i25_apxyz_corr,6ee1cb8f-df61-431a-b6b3-11527926c028,20ebc2b9-5b4c-42cd-8e4b-65ddb427b7ff,39.38699402879055
mlapdv_histo_s2s_i25_apxyz_corr,6ee1cb8f-df61-431a-b6b3-11527926c028,74ffa405-3e23-47d9-972b-11bea1c3c2f6,41.86488293785652
mlapdv_histo_s2s_i25_apxyz_corr,6ee1cb8f-df61-431a-b6b3-11527926c028,1322edbf-5c42-4b9a-aecd-7ddaf4f44387,53.41625715608113
mlapdv_histo_s2s_i25_apxyz_corr,6ee1cb8f-df61-431a-b6b3-11527926c028,3c9290bd-f0a8-4b27-be6a-d987557edb95,33.09628474050943
mlapdv_histo_s2s_i25_apxyz_corr,0ecfc758-f8ae-4c82-ad8b-cf4c50faa6fb,1f44208f-d2e8-4c18-9312-e250c6b498ca,34.298037915672936
mlapdv_histo_s2s_i25_apxyz_corr,0ecfc758-f8ae-4c82-ad8b-cf4c50faa6fb,83554851-7e47-4a79-82bb-9f37037c5e97,32.914426229807304
mlapdv_histo_s2s_i25_apxyz_corr,0ecfc758-f8ae-4c82-ad8b-cf4c50faa6fb,e21b8705-4e69-407d-83b7-b8a2b4e6c27b,39.92151676285472
mlapdv_histo_s2s_i25_apxyz_corr,0ecfc758-f8ae-4c82-ad8b-cf4c50faa6fb,1bc8a5ff-fe9d-4921-a1db-b4c44f2cf7b9,40.79329179253783
mlapdv_histo_s2s_i25_apxyz_corr,0ecfc758-f8ae-4c82-ad8b-cf4c50faa6fb,38bc2e7c-d160-4887-86f6-4368bfd58c5f,39.06812778341167
mlapdv_histo_s2s_i25_apxyz_corr,0ecfc758-f8ae-4c82-ad8b-cf4c50faa6fb,20ebc2b9-5b4c-42cd-8e4b-65ddb427b7ff,33.98964523223591
mlapdv_histo_s2s_i25_apxyz_corr,0ecfc758-f8ae-4c82-ad8b-cf4c50faa6fb,74ffa405-3e23-47d9-972b-11bea1c3c2f6,48.79667089008094
mlapdv_histo_s2s_i25_apxyz_corr,0ecfc758-f8ae-4c82-ad8b-cf4c50faa6fb,1322edbf-5c42-4b9a-aecd-7ddaf4f44387,24.923534003987232
mlapdv_histo_s2s_i25_apxyz_corr,0ecfc758-f8ae-4c82-ad8b-cf4c50faa6fb,3c9290bd-f0a8-4b27-be6a-d987557edb95,51.562963233514814
mlapdv_histo_s2s_i25_apxyz_corr,1f44208f-d2e8-4c18-9312-e250c6b498ca,83554851-7e47-4a79-82bb-9f37037c5e97,37.33889534455065
mlapdv_histo_s2s_i25_apxyz_corr,1f44208f-d2e8-4c18-9312-e250c6b498ca,e21b8705-4e69-407d-83b7-b8a2b4e6c27b,46.51448755248594
mlapdv_histo_s2s_i25_apxyz_corr,1f44208f-d2e8-4c18-9312-e250c6b498ca,1bc8a5ff-fe9d-4921-a1db-b4c44f2cf7b9,53.12853188570309
mlapdv_histo_s2s_i25_apxyz_corr,1f44208f-d2e8-4c18-9312-e250c6b498ca,38bc2e7c-d160-4887-86f6-4368bfd58c5f,51.44438930586456
mlapdv_histo_s2s_i25_apxyz_corr,1f44208f-d2e8-4c18-9312-e250c6b498ca,20ebc2b9-5b4c-42cd-8e4b-65ddb427b7ff,47.24812953225818
mlapdv_histo_s2s_i25_apxyz_corr,1f44208f-d2e8-4c18-9312-e250c6b498ca,74ffa405-3e23-47d9-972b-11bea1c3c2f6,62.53950264058529
mlapdv_histo_s2s_i25_apxyz_corr,1f44208f-d2e8-4c18-9312-e250c6b498ca,1322edbf-5c42-4b9a-aecd-7ddaf4f44387,22.322730399251096
mlapdv_histo_s2s_i25_apxyz_corr,1f44208f-d2e8-4c18-9312-e250c6b498ca,3c9290bd-f0a8-4b27-be6a-d987557edb95,59.25826421887136
mlapdv_histo_s2s_i25_apxyz_corr,83554851-7e47-4a79-82bb-9f37037c5e97,e21b8705-4e69-407d-83b7-b8a2b4e6c27b,14.69420566315853
mlapdv_histo_s2s_i25_apxyz_corr,83554851-7e47-4a79-82bb-9f37037c5e97,1bc8a5ff-fe9d-4921-a1db-b4c44f2cf7b9,25.229615623570893
mlapdv_histo_s2s_i25_apxyz_corr,83554851-7e47-4a79-82bb-9f37037c5e97,38bc2e7c-d160-4887-86f6-4368bfd58c5f,21.907431265891212
mlapdv_histo_s2s_i25_apxyz_corr,83554851-7e47-4a79-82bb-9f37037c5e97,20ebc2b9-5b4c-42cd-8e4b-65ddb427b7ff,19.38558028011665
mlapdv_histo_s2s_i25_apxyz_corr,83554851-7e47-4a79-82bb-9f37037c5e97,74ffa405-3e23-47d9-972b-11bea1c3c2f6,30.092611442808682
mlapdv_histo_s2s_i25_apxyz_corr,83554851-7e47-4a79-82bb-9f37037c5e97,1322edbf-5c42-4b9a-aecd-7ddaf4f44387,34.70490601117933
mlapdv_histo_s2s_i25_apxyz_corr,83554851-7e47-4a79-82bb-9f37037c5e97,3c9290bd-f0a8-4b27-be6a-d987557edb95,24.890823009805185
mlapdv_histo_s2s_i25_apxyz_corr,e21b8705-4e69-407d-83b7-b8a2b4e6c27b,1bc8a5ff-fe9d-4921-a1db-b4c44f2cf7b9,18.62722441090607
mlapdv_histo_s2s_i25_apxyz_corr,e21b8705-4e69-407d-83b7-b8a2b4e6c27b,38bc2e7c-d160-4887-86f6-4368bfd58c5f,15.372667332112423
mlapdv_histo_s2s_i25_apxyz_corr,e21b8705-4e69-407d-83b7-b8a2b4e6c27b,20ebc2b9-5b4c-42cd-8e4b-65ddb427b7ff,19.297046321454662
mlapdv_histo_s2s_i25_apxyz_corr,e21b8705-4e69-407d-83b7-b8a2b4e6c27b,74ffa405-3e23-47d9-972b-11bea1c3c2f6,21.475789440347416
mlapdv_histo_s2s_i25_apxyz_corr,e21b8705-4e69-407d-83b7-b8a2b4e6c27b,1322edbf-5c42-4b9a-aecd-7ddaf4f44387,43.42555993984455
mlapdv_histo_s2s_i25_apxyz_corr,e21b8705-4e69-407d-83b7-b8a2b4e6c27b,3c9290bd-f0a8-4b27-be6a-d987557edb95,14.63439901885025
mlapdv_histo_s2s_i25_apxyz_corr,1bc8a5ff-fe9d-4921-a1db-b4c44f2cf7b9,38bc2e7c-d160-4887-86f6-4368bfd58c5f,5.612743192207245
mlapdv_histo_s2s_i25_apxyz_corr,1bc8a5ff-fe9d-4921-a1db-b4c44f2cf7b9,20ebc2b9-5b4c-42cd-8e4b-65ddb427b7ff,11.39226199892145
mlapdv_histo_s2s_i25_apxyz_corr,1bc8a5ff-fe9d-4921-a1db-b4c44f2cf7b9,74ffa405-3e23-47d9-972b-11bea1c3c2f6,13.103852797981267
mlapdv_histo_s2s_i25_apxyz_corr,1bc8a5ff-fe9d-4921-a1db-b4c44f2cf7b9,1322edbf-5c42-4b9a-aecd-7ddaf4f44387,43.00439695321125
mlapdv_histo_s2s_i25_apxyz_corr,1bc8a5ff-fe9d-4921-a1db-b4c44f2cf7b9,3c9290bd-f0a8-4b27-be6a-d987557edb95,25.10238069684009
mlapdv_histo_s2s_i25_apxyz_corr,38bc2e7c-d160-4887-86f6-4368bfd58c5f,20ebc2b9-5b4c-42cd-8e4b-65ddb427b7ff,9.767335628414964
mlapdv_histo_s2s_i25_apxyz_corr,38bc2e7c-d160-4887-86f6-4368bfd58c5f,74ffa405-3e23-47d9-972b-11bea1c3c2f6,12.451204274492435
mlapdv_histo_s2s_i25_apxyz_corr,38bc2e7c-d160-4887-86f6-4368bfd58c5f,1322edbf-5c42-4b9a-aecd-7ddaf4f44387,41.73404707535774
mlapdv_histo_s2s_i25_apxyz_corr,38bc2e7c-d160-4887-86f6-4368bfd58c5f,3c9290bd-f0a8-4b27-be6a-d987557edb95,22.880541090005206
mlapdv_histo_s2s_i25_apxyz_corr,20ebc2b9-5b4c-42cd-8e4b-65ddb427b7ff,74ffa405-3e23-47d9-972b-11bea1c3c2f6,18.703519571382586
mlapdv_histo_s2s_i25_apxyz_corr,20ebc2b9-5b4c-42cd-8e4b-65ddb427b7ff,1322edbf-5c42-4b9a-aecd-7ddaf4f44387,35.04679418348927
mlapdv_histo_s2s_i25_apxyz_corr,20ebc2b9-5b4c-42cd-8e4b-65ddb427b7ff,3c9290bd-f0a8-4b27-be6a-d987557edb95,28.98167092565101
mlapdv_histo_s2s_i25_apxyz_corr,74ffa405-3e23-47d9-972b-11bea1c3c2f6,1322edbf-5c42-4b9a-aecd-7ddaf4f44387,52.812670208506574
mlapdv_histo_s2s_i25_apxyz_corr,74ffa405-3e23-47d9-972b-11bea1c3c2f6,3c9290bd-f0a8-4b27-be6a-d987557edb95,18.946024904397536
mlapdv_histo_s2s_i25_apxyz_corr,1322edbf-5c42-4b9a-aecd-7ddaf4f44387,3c9290bd-f0a8-4b27-be6a-d987557edb95,56.82807540113875
